time_s;throttle;brake;speed_m_s;accel_x_m_s2;accel_y_m_s2;accel_z_m_s2
0.0000;0.0000;0.0000;0.0980;0.0000;0.0000;-9.8000
0.0100;0.0000;0.0000;0.1960;0.0000;0.0000;-9.8000
0.0200;0.0000;0.0000;0.2940;0.0000;0.0000;-9.8000
0.0300;0.0000;0.0000;0.3920;0.0000;0.0000;-9.8000
0.0400;0.0000;0.0000;0.4900;0.0000;0.0000;-9.8000
0.0500;0.0000;0.0000;0.5880;0.0000;0.0000;-9.8000
0.0600;0.0000;0.0000;0.6860;0.0000;0.0000;-9.8000
0.0700;0.0000;0.0000;0.7840;0.0000;0.0000;-9.8000
0.0800;0.0000;0.0000;0.8820;0.0000;0.0000;-9.8000
0.0900;0.0000;0.0000;0.9800;0.0000;0.0000;-9.8000
0.1000;0.0000;0.0000;1.0780;0.0000;0.0000;-9.8000
0.1100;0.0000;0.0000;1.1760;0.0000;0.0000;-9.8000
0.1200;0.0000;0.0000;1.2740;0.0000;0.0000;-9.8000
0.1300;0.0000;0.0000;1.3720;0.0000;0.0000;-9.8000
0.1400;0.0000;0.0000;1.4700;0.0000;0.0000;-9.8000
0.1500;0.0000;0.0000;1.5680;0.0000;0.0000;-9.8000
0.1600;0.0000;0.0000;1.6660;0.0000;0.0000;-9.8000
0.1700;0.0000;0.0000;1.7640;0.0000;0.0000;-9.8000
0.1800;0.0000;0.0000;1.8620;0.0000;0.0000;-9.8000
0.1900;0.0000;0.0000;1.9600;0.0000;0.0000;-9.8000
0.2000;0.0000;0.0000;2.0580;0.0000;0.0000;-9.8000
0.2100;0.0000;0.0000;2.1560;0.0000;0.0000;-9.8000
0.2200;0.0000;0.0000;2.2540;0.0000;0.0000;-9.8000
0.2300;0.0000;0.0000;2.1313;-1.8087;0.3330;12.2791
0.2400;0.0000;0.0000;1.9033;0.3099;0.5145;22.8030
0.2500;0.0000;0.0000;1.6135;-0.1692;-0.1561;28.9742
0.2600;0.0000;0.0000;1.3620;0.2418;-0.2119;25.1564
0.2700;0.0000;0.0000;1.1424;0.2204;-0.1496;21.9581
0.2800;0.0000;0.0000;0.9509;0.1928;-0.1043;19.1418
0.2900;0.0000;0.0000;0.7845;0.1689;-0.0710;16.6393
0.3000;0.0000;0.0000;0.6401;0.1485;-0.0491;14.4429
0.3100;0.0000;0.0000;0.5152;0.1302;-0.0358;12.4927
0.3200;0.0000;0.0000;0.4073;0.1144;-0.0226;10.7847
0.3300;0.0000;0.0000;0.3146;0.1001;-0.0161;9.2714
0.3400;0.0000;0.0000;0.2351;0.0872;-0.0102;7.9521
0.3500;0.0000;0.0000;0.1672;0.0759;-0.0061;6.7872
0.3600;0.0000;0.0000;0.1095;0.0655;-0.0041;5.7684
0.3700;0.0000;0.0000;0.0607;0.0563;-0.0015;4.8773
0.3800;0.0000;0.0000;0.0197;0.0480;-0.0018;4.0976
0.3900;0.0000;0.0000;0.0145;0.0407;-0.0005;3.4195
0.4000;0.0000;0.0000;0.0427;0.0341;0.0010;2.8274
0.4100;0.0000;0.0000;0.0659;0.0282;0.0007;2.3135
0.4200;0.0000;0.0000;0.0845;0.0232;-0.0002;1.8678
0.4300;0.0000;0.0000;0.0994;0.0187;0.0010;1.4848
0.4400;0.0000;0.0000;0.1109;0.0147;0.0008;1.1543
0.4500;0.0000;0.0000;0.1196;0.0113;0.0007;0.8706
0.4600;0.0000;0.0000;0.1259;0.0085;0.0011;0.6299
0.4700;0.0000;0.0000;0.1301;0.0057;0.0006;0.4189
0.4800;0.0000;0.0000;0.1326;0.0036;-0.0007;0.2475
0.4900;0.0000;0.0000;0.1337;0.0017;-0.0002;0.1036
0.5000;0.0000;0.0000;0.1334;0.0002;0.0017;-0.0207
0.5100;0.0000;0.0000;0.1322;-0.0013;0.0002;-0.1254
0.5200;0.0000;0.0000;0.1301;-0.0022;-0.0001;-0.2079
0.5300;0.0000;0.0000;0.1274;-0.0032;-0.0004;-0.2738
0.5400;0.0000;0.0000;0.1241;-0.0039;0.0004;-0.3310
0.5500;0.0000;0.0000;0.1204;-0.0045;0.0006;-0.3682
0.5600;0.0000;0.0000;0.1163;-0.0049;0.0000;-0.4037
0.5700;0.0000;0.0000;0.1121;-0.0053;-0.0009;-0.4278
0.5800;0.0000;0.0000;0.1077;-0.0055;-0.0008;-0.4397
0.5900;0.0000;0.0000;0.1031;-0.0058;0.0011;-0.4573
0.6000;0.0000;0.0000;0.0986;-0.0057;0.0002;-0.4526
0.6100;0.0000;0.0000;0.0940;-0.0059;-0.0011;-0.4603
0.6200;0.0000;0.0000;0.0894;-0.0058;-0.0003;-0.4528
0.6300;0.0000;0.0000;0.0849;-0.0058;0.0006;-0.4534
0.6400;0.0000;0.0000;0.0805;-0.0056;-0.0003;-0.4379
0.6500;0.0000;0.0000;0.0762;-0.0055;-0.0007;-0.4295
0.6600;0.0000;0.0000;0.0721;-0.0053;-0.0009;-0.4124
0.6700;0.0000;0.0000;0.0681;-0.0053;0.0001;-0.4038
0.6800;0.0000;0.0000;0.0642;-0.0050;0.0003;-0.3901
0.6900;0.0000;0.0000;0.0605;-0.0048;0.0006;-0.3698
0.7000;0.0000;0.0000;0.0569;-0.0046;-0.0005;-0.3589
0.7100;0.0000;0.0000;0.0534;-0.0045;-0.0001;-0.3442
0.7200;0.0000;0.0000;0.0502;-0.0043;-0.0003;-0.3278
0.7300;0.0000;0.0000;0.0471;-0.0040;-0.0004;-0.3085
0.7400;0.0000;0.0000;0.0441;-0.0039;0.0003;-0.2930
0.7500;0.0000;0.0000;0.0413;-0.0037;-0.0002;-0.2803
0.7600;0.0000;0.0000;0.0386;-0.0035;-0.0009;-0.2683
0.7700;0.0000;0.0000;0.0361;-0.0034;0.0008;-0.2512
0.7800;0.0000;0.0000;0.0338;-0.0030;0.0007;-0.2338
0.7900;0.0000;0.0000;0.0316;-0.0029;-0.0005;-0.2244
0.8000;0.0000;0.0000;0.0295;-0.0027;-0.0000;-0.2081
0.8100;0.0000;0.0000;0.0275;-0.0026;-0.0006;-0.1975
0.8200;0.0000;0.0000;0.0257;-0.0024;0.0007;-0.1827
0.8300;0.0000;0.0000;0.0239;-0.0023;-0.0006;-0.1786
0.8400;0.0000;0.0000;0.0223;-0.0021;0.0001;-0.1622
0.8500;0.0000;0.0000;0.0207;-0.0020;0.0002;-0.1547
0.8600;0.0000;0.0000;0.0193;-0.0019;-0.0001;-0.1444
0.8700;0.0000;0.0000;0.0179;-0.0018;-0.0008;-0.1377
0.8800;0.0000;0.0000;0.0166;-0.0016;0.0000;-0.1250
0.8900;0.0000;0.0000;0.0155;-0.0015;0.0005;-0.1183
0.9000;0.0000;0.0000;0.0143;-0.0014;-0.0000;-0.1110
0.9100;0.0000;0.0000;0.0133;-0.0013;0.0001;-0.1037
0.9200;0.0000;0.0000;0.0124;-0.0012;0.0002;-0.0928
0.9300;0.0000;0.0000;0.0115;-0.0012;0.0000;-0.0889
0.9400;0.0000;0.0000;0.0106;-0.0011;-0.0006;-0.0850
0.9500;0.0000;0.0000;0.0099;-0.0009;0.0000;-0.0742
0.9600;0.0000;0.0000;0.0092;-0.0009;-0.0002;-0.0738
0.9700;0.0000;0.0000;0.0085;-0.0009;0.0008;-0.0663
0.9800;0.0000;0.0000;0.0079;-0.0009;-0.0008;-0.0642
0.9900;0.0000;0.0000;0.0073;-0.0007;-0.0013;-0.0556
1.0000;0.0000;0.0000;0.0067;-0.0008;0.0006;-0.0556
1.0100;0.0000;0.0000;0.0062;-0.0006;-0.0000;-0.0500
1.0200;0.0000;0.0000;0.0058;-0.0006;0.0004;-0.0471
1.0300;0.0000;0.0000;0.0053;-0.0006;0.0001;-0.0432
1.0400;0.0000;0.0000;0.0049;-0.0004;0.0005;-0.0402
1.0500;0.0000;0.0000;0.0046;-0.0004;-0.0002;-0.0352
1.0600;0.0000;0.0000;0.0042;-0.0004;0.0003;-0.0344
1.0700;0.0000;0.0000;0.0039;-0.0005;-0.0004;-0.0371
1.0800;0.0000;0.0000;0.0036;-0.0004;-0.0003;-0.0291
1.0900;0.0000;0.0000;0.0033;-0.0003;0.0001;-0.0261
1.1000;0.0000;0.0000;0.0031;-0.0003;0.0002;-0.0217
1.1100;0.0000;0.0000;0.0029;-0.0003;-0.0006;-0.0256
1.1200;0.0000;0.0000;0.0026;-0.0003;0.0001;-0.0218
1.1300;0.0000;0.0000;0.0025;-0.0002;0.0001;-0.0180
1.1400;0.0000;0.0000;0.0022;-0.0003;0.0005;-0.0221
1.1500;0.0000;0.0000;0.0021;-0.0002;0.0003;-0.0128
1.1600;0.0000;0.0000;0.0019;-0.0002;-0.0001;-0.0176
1.1700;0.0000;0.0000;0.0018;-0.0003;-0.0002;-0.0170
1.1800;0.0000;0.0000;0.0016;-0.0001;0.0004;-0.0119
1.1900;0.0000;0.0000;0.0015;-0.0002;-0.0004;-0.0140
1.2000;0.0000;0.0000;0.0014;-0.0001;-0.0001;-0.0097
1.2100;0.0000;0.0000;0.0013;-0.0002;-0.0003;-0.0095
1.2200;0.0000;0.0000;0.0012;-0.0001;0.0001;-0.0129
1.2300;0.0000;0.0000;0.0011;-0.0001;-0.0068;-0.0088
1.2400;0.0000;0.0000;0.0010;-0.0001;-0.0011;-0.0081
1.2500;0.0000;0.0000;0.0009;-0.0000;-0.0011;-0.0088
1.2600;0.0000;0.0000;0.0008;-0.0001;-0.0002;-0.0092
1.2700;0.0000;0.0000;0.0008;-0.0001;-0.0001;-0.0061
1.2800;0.0000;0.0000;0.0007;-0.0001;0.0000;-0.0071
1.2900;0.0000;0.0000;0.0007;-0.0000;0.0002;-0.0037
1.3000;0.0000;0.0000;0.0000;-0.0038;-0.0006;-0.0659
1.3100;0.0000;0.0000;0.0000;0.0000;0.0000;0.0000
1.3200;0.0000;0.0000;0.0000;0.0000;0.0000;0.0000
1.3300;0.0000;0.0000;0.0000;0.0000;0.0000;0.0000
1.3400;0.0000;0.0000;0.0000;0.0000;0.0000;0.0000
1.3500;0.0000;0.0000;0.0000;0.0000;0.0000;0.0000
1.3600;0.0000;0.0000;0.0000;0.0000;0.0000;0.0000
1.3700;0.0000;0.0000;0.0000;0.0000;0.0000;0.0000
1.3800;0.0000;0.0000;0.0000;0.0000;0.0000;0.0000
1.3900;0.0000;0.0000;0.0000;0.0000;0.0000;0.0000
1.4000;0.0000;0.0000;0.0000;0.0000;0.0000;0.0000
1.4100;0.0000;0.0000;0.0000;0.0000;0.0000;0.0000
1.4200;0.0000;0.0000;0.0000;0.0000;0.0000;0.0000
1.4300;0.0000;0.0000;0.0000;0.0000;0.0000;0.0000
1.4400;0.0000;0.0000;0.0000;0.0000;0.0000;0.0000
1.4500;0.0000;0.0000;0.0000;0.0000;0.0000;0.0000
1.4600;0.0000;0.0000;0.0000;0.0000;0.0000;0.0000
1.4700;0.0000;0.0000;0.0000;0.0000;0.0000;0.0000
1.4800;0.0000;0.0000;0.0000;0.0000;0.0000;0.0000
1.4900;0.0000;0.0000;0.0000;0.0000;0.0000;0.0000
1.5000;0.0000;0.0000;0.0000;0.0000;0.0000;0.0000
1.5100;0.0000;0.0000;0.0000;0.0000;0.0000;0.0000
1.5200;0.0000;0.0000;0.0000;0.0000;0.0000;0.0000
1.5300;0.0000;0.0000;0.0000;0.0000;0.0000;0.0000
1.5400;0.0000;0.0000;0.0000;0.0000;0.0000;0.0000
1.5500;0.0000;0.0000;0.0000;0.0000;0.0000;0.0000
1.5600;0.0000;0.0000;0.0000;0.0000;0.0000;0.0000
1.5700;0.0000;0.0000;0.0000;0.0000;0.0000;0.0000
1.5800;0.0000;0.0000;0.0000;0.0000;0.0000;0.0000
1.5900;0.0000;0.0000;0.0000;0.0000;0.0000;0.0000
1.6000;0.0000;0.0000;0.0000;0.0000;0.0000;0.0000
1.6100;0.0000;0.0000;0.0000;0.0000;0.0000;0.0000
1.6200;0.0000;0.0000;0.0000;0.0000;0.0000;0.0000
1.6300;0.0000;0.0000;0.0000;0.0000;0.0000;0.0000
1.6400;0.0000;0.0000;0.0000;0.0000;0.0000;0.0000
1.6500;0.0000;0.0000;0.0000;0.0000;0.0000;0.0000
1.6600;0.0000;0.0000;0.0000;0.0000;0.0000;0.0000
1.6700;0.0000;0.0000;0.0000;0.0000;0.0000;0.0000
1.6800;0.0000;0.0000;0.0000;0.0000;0.0000;0.0000
1.6900;0.0000;0.0000;0.0000;0.0000;0.0000;0.0000
1.7000;0.0000;0.0000;0.0000;0.0000;0.0000;0.0000
1.7100;0.0000;0.0000;0.0000;0.0000;0.0000;0.0000
1.7200;0.0000;0.0000;0.0000;0.0000;0.0000;0.0000
1.7300;0.0000;0.0000;0.0000;0.0000;0.0000;0.0000
1.7400;0.0000;0.0000;0.0000;0.0000;0.0000;0.0000
1.7500;0.0000;0.0000;0.0000;0.0000;0.0000;0.0000
1.7600;0.0000;0.0000;0.0000;0.0000;0.0000;0.0000
1.7700;0.0000;0.0000;0.0000;0.0000;0.0000;0.0000
1.7800;0.0000;0.0000;0.0000;0.0000;0.0000;0.0000
1.7900;0.0000;0.0000;0.0000;0.0000;0.0000;0.0000
1.8000;0.0000;0.0000;0.0000;0.0000;0.0000;0.0000
1.8100;0.0000;0.0000;0.0000;0.0000;0.0000;0.0000
1.8200;0.0000;0.0000;0.0000;0.0000;0.0000;0.0000
1.8300;0.0000;0.0000;0.0000;0.0000;0.0000;0.0000
1.8400;0.0000;0.0000;0.0000;0.0000;0.0000;0.0000
1.8500;0.0000;0.0000;0.0000;0.0000;0.0000;0.0000
1.8600;0.0000;0.0000;0.0000;0.0000;0.0000;0.0000
1.8700;0.0000;0.0000;0.0000;0.0000;0.0000;0.0000
1.8800;0.0000;0.0000;0.0000;0.0000;0.0000;0.0000
1.8900;0.0000;0.0000;0.0000;0.0000;0.0000;0.0000
1.9000;0.0000;0.0000;0.0000;0.0000;0.0000;0.0000
1.9100;0.0000;0.0000;0.0000;0.0000;0.0000;0.0000
1.9200;0.0000;0.0000;0.0000;0.0000;0.0000;0.0000
1.9300;0.0000;0.0000;0.0000;0.0000;0.0000;0.0000
1.9400;0.0000;0.0000;0.0000;0.0000;0.0000;0.0000
1.9500;0.0000;0.0000;0.0000;0.0000;0.0000;0.0000
1.9600;0.0000;0.0000;0.0000;0.0000;0.0000;0.0000
1.9700;0.0000;0.0000;0.0000;0.0000;0.0000;0.0000
1.9800;0.0000;0.0000;0.0000;0.0000;0.0000;0.0000
1.9900;0.0000;0.0000;0.0000;0.0000;0.0000;0.0000
2.0000;0.0000;0.0000;0.0000;0.0000;0.0000;0.0000
2.0100;0.5000;0.0000;0.0000;0.0000;0.0000;0.0000
2.0200;0.5000;0.0000;0.0060;-0.0057;-0.0002;-0.5991
2.0300;0.5000;0.0000;0.0049;0.0016;0.0001;0.1117
2.0400;0.5000;0.0000;0.0039;0.0014;0.0003;0.0959
2.0500;0.5000;0.0000;0.0030;0.0012;-0.0001;0.0867
2.0600;0.5000;0.0000;0.0023;0.0010;0.0002;0.0707
2.0700;0.5000;0.0000;0.0017;0.0009;0.0001;0.0623
2.0800;0.5000;0.0000;0.0012;0.0007;-0.0002;0.0500
2.0900;0.5000;0.0000;0.0008;0.0007;0.0001;0.0454
2.1000;0.5000;0.0000;0.0004;0.0005;0.0001;0.0383
2.1100;0.5000;0.0000;0.0001;0.0005;-0.0001;0.0311
2.1200;0.5000;0.0000;0.0002;0.0004;0.0002;0.0258
2.1300;0.5000;0.0000;0.0004;0.0003;0.0001;0.0215
2.1400;0.5000;0.0000;0.0006;0.0003;-0.0001;0.0182
2.1500;0.5000;0.0000;0.0007;0.0002;-0.0000;0.0143
2.1600;0.5000;0.0000;0.0008;0.0001;0.0001;0.0098
2.1700;0.5000;0.0000;0.0009;0.0001;-0.0000;0.0072
2.1800;0.5000;0.0000;0.0010;0.0001;0.0001;0.0094
2.1900;0.5000;0.0000;0.0011;0.0001;-0.0001;0.0058
2.2000;0.5000;0.0000;0.0011;0.0000;-0.0000;0.0018
2.2100;0.5000;0.0000;0.0011;-0.0000;0.0001;-0.0004
2.2200;0.5000;0.0000;0.0011;-0.0001;-0.0001;-0.0004
2.2300;0.5000;0.0000;0.0011;0.0001;-0.0000;0.0013
2.2400;0.5000;0.0000;0.0011;-0.0000;0.0001;-0.0010
2.2500;0.5000;0.0000;0.0010;-0.0000;0.0000;-0.0020
2.2600;0.5000;0.0000;0.0010;-0.0001;-0.0000;-0.0041
2.2700;0.5000;0.0000;0.0010;-0.0001;-0.0002;-0.0034
2.2800;0.5000;0.0000;0.0009;-0.0001;0.0001;-0.0031
2.2900;0.5000;0.0000;0.0009;-0.0001;0.0000;-0.0040
2.3000;0.5000;0.0000;0.0009;-0.0000;0.0001;-0.0018
2.3100;0.5000;0.0000;0.0009;-0.0000;-0.0001;-0.0030
2.3200;0.5000;0.0000;0.0008;-0.0001;-0.0001;-0.0059
2.3300;0.5000;0.0000;0.0008;0.0001;0.0000;0.0014
2.3400;0.5000;0.0000;0.0008;-0.0001;0.0000;-0.0054
2.3500;0.5000;0.0000;0.0007;-0.0000;0.0000;-0.0042
2.3600;0.5000;0.0000;0.0007;-0.0000;-0.0000;-0.0020
2.3700;0.5000;0.0000;0.0007;-0.0001;0.0000;-0.0038
2.3800;0.5000;0.0000;0.0006;0.0000;-0.0001;-0.0036
2.3900;0.5000;0.0000;0.0006;-0.0001;0.0000;-0.0027
2.4000;0.5000;0.0000;0.0005;-0.0000;0.0000;-0.0053
2.4100;0.5000;0.0000;0.0005;-0.0000;0.0001;-0.0024
2.4200;0.5000;0.0000;0.0005;-0.0000;-0.0002;-0.0029
2.4300;0.5000;0.0000;0.0000;-0.0037;-0.0003;-0.0482
2.4400;0.5000;0.0000;0.0001;0.0031;0.0003;0.0107
2.4500;0.5000;0.0000;0.0001;0.0001;0.0000;0.0037
2.4600;0.5000;0.0000;0.0002;0.0000;0.0000;0.0035
2.4700;0.5000;0.0000;0.0002;0.0000;0.0000;0.0034
2.4800;0.5000;0.0000;0.0002;0.0000;0.0000;0.0009
2.4900;0.5000;0.0000;0.0002;0.0000;-0.0000;0.0006
2.5000;0.5000;0.0000;0.0002;0.0000;0.0001;0.0011
2.5100;0.5000;0.0000;0.0002;-0.0000;-0.0001;0.0002
2.5200;0.5000;0.0000;0.0002;-0.0000;-0.0000;0.0000
2.5300;0.5000;0.0000;0.0002;-0.0000;-0.0000;-0.0002
2.5400;0.5000;0.0000;0.0002;0.0000;-0.0001;-0.0009
2.5500;0.5000;0.0000;0.0002;-0.0000;0.0000;-0.0007
2.5600;0.5000;0.0000;0.0002;0.0000;0.0001;-0.0014
2.5700;0.5000;0.0000;0.0002;-0.0000;-0.0002;0.0001
2.5800;0.5000;0.0000;0.0002;-0.0000;0.0002;-0.0025
2.5900;0.5000;0.0000;0.0002;-0.0000;-0.0001;-0.0015
2.6000;0.5000;0.0000;0.0002;0.0000;-0.0001;0.0013
2.6100;0.5000;0.0000;0.0002;-0.0001;0.0001;-0.0025
2.6200;0.5000;0.0000;0.0002;0.0000;-0.0000;0.0003
2.6300;0.5000;0.0000;0.0002;0.0000;-0.0001;0.0009
2.6400;0.5000;0.0000;0.0002;-0.0000;0.0001;-0.0006
2.6500;0.5000;0.0000;0.0002;0.0000;-0.0001;0.0007
2.6600;0.5000;0.0000;0.0002;-0.0000;0.0001;-0.0008
2.6700;0.5000;0.0000;0.0002;0.0001;0.0000;0.0006
2.6800;0.5000;0.0000;0.0002;-0.0001;-0.0002;-0.0005
2.6900;0.5000;0.0000;0.0002;-0.0000;0.0002;-0.0011
2.7000;0.5000;0.0000;0.0002;0.0000;-0.0001;0.0001
2.7100;0.5000;0.0000;0.0002;0.0000;0.0001;0.0001
2.7200;0.5000;0.0000;0.0001;-0.0000;-0.0001;-0.0014
2.7300;0.5000;0.0000;0.0001;-0.0000;0.0002;-0.0008
2.7400;0.5000;0.0000;0.0001;-0.0000;-0.0002;-0.0010
2.7500;0.5000;0.0000;0.0001;0.0000;0.0002;-0.0004
2.7600;0.5000;0.0000;0.0031;-0.3109;0.0041;0.0031
2.7700;0.5000;0.0000;0.2662;-26.3113;-0.1033;0.3773
2.7800;0.5000;0.0000;0.4160;-14.9789;-0.0561;0.2157
2.7900;0.5000;0.0000;0.6286;-21.2507;-0.0857;0.3043
2.8000;0.5000;0.0000;0.7612;-13.2667;-0.0512;0.1859
2.8100;0.5000;0.0000;0.8545;-9.3248;-0.0362;0.1331
2.8200;0.5000;0.0000;0.9879;-13.3416;-0.0530;0.1920
2.8300;0.5000;0.0000;1.1491;-16.1129;-0.0661;0.2301
2.8400;0.5000;0.0000;1.1822;-3.3143;-0.0155;0.0494
2.8500;0.5000;0.0000;1.3204;-13.8123;-0.1149;0.1967
2.8600;0.5000;0.0000;1.4235;-10.3122;-0.0334;0.1467
2.8700;0.5000;0.0000;1.5255;-10.1977;0.0649;0.1454
2.8800;0.5000;0.0000;1.5971;-7.1569;-0.0344;0.1006
2.8900;0.5000;0.0000;1.6513;-5.4250;-0.0458;0.0810
2.9000;0.5000;0.0000;1.7361;-8.4827;-0.0068;0.1208
2.9100;0.5000;0.0000;1.7628;-2.6665;-0.0134;0.0393
2.9200;0.5000;0.0000;1.8391;-7.6314;-0.0201;0.1098
2.9300;0.5000;0.0000;1.8824;-4.3281;-0.0005;0.0563
2.9400;0.5000;0.0000;1.9559;-7.3483;-0.0443;0.1067
2.9500;0.5000;0.0000;2.0016;-4.5651;-0.0264;0.0684
2.9600;0.5000;0.0000;2.0401;-3.8529;0.0041;0.0542
2.9700;0.5000;0.0000;2.0784;-3.8328;-0.0055;0.0557
2.9800;0.5000;0.0000;2.1192;-4.0747;-0.0127;0.0596
2.9900;0.5000;0.0000;2.1572;-3.8038;-0.0256;0.0564
3.0000;0.5000;0.0000;2.1959;-3.8718;-0.0229;0.0543
3.0100;0.5000;0.0000;2.2328;-3.6854;-0.0173;0.0533
3.0200;0.5000;0.0000;2.2676;-3.4746;-0.0054;0.0506
3.0300;0.5000;0.0000;2.3036;-3.6049;-0.0086;0.0491
3.0400;0.5000;0.0000;2.3371;-3.3441;-0.0109;0.0497
3.0500;0.5000;0.0000;2.3703;-3.3200;-0.0147;0.0460
3.0600;0.5000;0.0000;2.4036;-3.3328;-0.0131;0.0469
3.0700;0.5000;0.0000;2.4357;-3.2095;-0.0121;0.0447
3.0800;0.5000;0.0000;2.4675;-3.1805;-0.0108;0.0462
3.0900;0.5000;0.0000;2.4990;-3.1536;-0.0117;0.0483
3.1000;0.5000;0.0000;2.5300;-3.1007;-0.0113;0.0448
3.1100;0.5000;0.0000;2.5607;-3.0639;-0.0122;0.0425
3.1200;0.5000;0.0000;2.5910;-3.0351;-0.0111;0.0441
3.1300;0.5000;0.0000;2.6211;-3.0020;-0.0113;0.0447
3.1400;0.5000;0.0000;2.6508;-2.9740;-0.0105;0.0393
3.1500;0.5000;0.0000;2.6803;-2.9466;-0.0112;0.0420
3.1600;0.5000;0.0000;2.7095;-2.9213;-0.0102;0.0418
3.1700;0.5000;0.0000;2.7385;-2.9007;-0.0113;0.0429
3.1800;0.5000;0.0000;2.7673;-2.8787;-0.0104;0.0399
3.1900;0.5000;0.0000;2.7959;-2.8595;-0.0112;0.0449
3.2000;0.5000;0.0000;2.8243;-2.8396;-0.0099;0.0400
3.2100;0.5000;0.0000;2.8525;-2.8225;-0.0110;0.0384
3.2200;0.5000;0.0000;2.8806;-2.8072;-0.0098;0.0449
3.2300;0.5000;0.0000;2.9085;-2.7906;-0.0109;0.0399
3.2400;0.5000;0.0000;2.9363;-2.7762;-0.0097;0.0384
3.2500;0.5000;0.0000;2.9639;-2.7627;-0.0106;0.0382
3.2600;0.5000;0.0000;2.9914;-2.7496;-0.0098;0.0361
3.2700;0.5000;0.0000;3.0188;-2.7365;-0.0106;0.0406
3.2800;0.5000;0.0000;3.0460;-2.7257;-0.0099;0.0377
3.2900;0.5000;0.0000;3.0732;-2.7126;-0.0109;0.0427
3.3000;0.5000;0.0000;3.1002;-2.7044;-0.0097;0.0356
3.3100;0.5000;0.0000;3.1271;-2.6918;-0.0105;0.0398
3.3200;0.5000;0.0000;3.1540;-2.6825;-0.0091;0.0384
3.3300;0.5000;0.0000;3.1807;-2.6730;-0.0104;0.0385
3.3400;0.5000;0.0000;3.2073;-2.6637;-0.0095;0.0401
3.3500;0.5000;0.0000;3.2339;-2.6546;-0.0104;0.0400
3.3600;0.5000;0.0000;3.2603;-2.6458;-0.0091;0.0360
3.3700;0.5000;0.0000;3.2867;-2.6374;-0.0102;0.0341
3.3800;0.5000;0.0000;3.3130;-2.6291;-0.0089;0.0404
3.3900;0.5000;0.0000;3.3392;-2.6210;-0.0103;0.0370
3.4000;0.5000;0.0000;3.3654;-2.6137;-0.0094;0.0365
3.4100;0.5000;0.0000;3.3914;-2.6061;-0.0104;0.0351
3.4200;0.5000;0.0000;3.4174;-2.5995;-0.0087;0.0371
3.4300;0.5000;0.0000;3.4433;-2.5923;-0.0103;0.0375
3.4400;0.5000;0.0000;3.4692;-2.5851;-0.0087;0.0364
3.4500;0.5000;0.0000;3.4950;-2.5789;-0.0103;0.0363
3.4600;0.5000;0.0000;3.5207;-2.5733;-0.0090;0.0351
3.4700;0.5000;0.0000;3.5464;-2.5674;-0.0103;0.0397
3.4800;0.5000;0.0000;3.5720;-2.5621;-0.0089;0.0359
3.4900;0.5000;0.0000;3.5976;-2.5579;-0.0103;0.0385
3.5000;0.5000;0.0000;3.6231;-2.5538;-0.0087;0.0346
3.5100;0.5000;0.0000;3.6487;-2.5512;-0.0105;0.0377
3.5200;0.5000;0.0000;3.6741;-2.5415;-0.0084;0.0371
3.5300;0.5000;0.0000;3.6994;-2.5289;-0.0108;0.0373
3.5400;0.5000;0.0000;3.7246;-2.5177;-0.0085;0.0348
3.5500;0.5000;0.0000;3.7496;-2.5074;-0.0104;0.0373
3.5600;0.5000;0.0000;3.7746;-2.4969;-0.0082;0.0345
3.5700;0.5000;0.0000;3.7995;-2.4876;-0.0099;0.0370
3.5800;0.5000;0.0000;3.8243;-2.4786;-0.0082;0.0351
3.5900;0.5000;0.0000;3.8490;-2.4701;-0.0101;0.0365
3.6000;0.5000;0.0000;3.8736;-2.4623;-0.0081;0.0380
3.6100;0.5000;0.0000;3.8982;-2.4551;-0.0103;0.0335
3.6200;0.5000;0.0000;3.9226;-2.4468;-0.0084;0.0354
3.6300;0.5000;0.0000;3.9470;-2.4347;-0.0098;0.0361
3.6400;0.5000;0.0000;3.9712;-2.4240;-0.0084;0.0343
3.6500;0.5000;0.0000;3.9954;-2.4137;-0.0097;0.0358
3.6600;0.5000;0.0000;4.0194;-2.4040;-0.0079;0.0343
3.6700;0.5000;0.0000;4.0433;-2.3944;-0.0097;0.0336
3.6800;0.5000;0.0000;4.0672;-2.3848;-0.0078;0.0342
3.6900;0.5000;0.0000;4.0909;-2.3746;-0.0099;0.0344
3.7000;0.5000;0.0000;4.1146;-2.3641;-0.0081;0.0363
3.7100;0.5000;0.0000;4.1381;-2.3531;-0.0095;0.0321
3.7200;0.5000;0.0000;4.1615;-2.3418;-0.0075;0.0360
3.7300;0.5000;0.0000;4.1848;-2.3302;-0.0095;0.0305
3.7400;0.5000;0.0000;4.2080;-2.3190;-0.0078;0.0340
3.7500;0.5000;0.0000;4.2311;-2.3077;-0.0094;0.0325
3.7600;0.5000;0.0000;4.2541;-2.2971;-0.0078;0.0326
3.7700;0.5000;0.0000;4.2770;-2.2868;-0.0093;0.0336
3.7800;0.5000;0.0000;4.2997;-2.2769;-0.0078;0.0319
3.7900;0.5000;0.0000;4.3224;-2.2676;-0.0087;0.0321
3.8000;0.5000;0.0000;4.3450;-2.2588;-0.0078;0.0320
3.8100;0.5000;0.0000;4.3675;-2.2502;-0.0086;0.0323
3.8200;0.5000;0.0000;4.3899;-2.2417;-0.0079;0.0313
3.8300;0.5000;0.0000;4.4123;-2.2330;-0.0086;0.0319
3.8400;0.5000;0.0000;4.4345;-2.2243;-0.0078;0.0352
3.8500;0.5000;0.0000;4.4567;-2.2155;-0.0085;0.0302
3.8600;0.5000;0.0000;4.4787;-2.2068;-0.0078;0.0312
3.8700;0.5000;0.0000;4.5007;-2.1982;-0.0085;0.0298
3.8800;0.5000;0.0000;4.5226;-2.1897;-0.0080;0.0309
3.8900;0.5000;0.0000;4.5444;-2.1815;-0.0081;0.0324
3.9000;0.5000;0.0000;4.5662;-2.1734;-0.0078;0.0316
3.9100;0.5000;0.0000;4.5878;-2.1657;-0.0081;0.0309
3.9200;0.5000;0.0000;4.6094;-2.1583;-0.0078;0.0346
3.9300;0.5000;0.0000;4.6309;-2.1511;-0.0079;0.0304
3.9400;0.5000;0.0000;4.6524;-2.1440;-0.0079;0.0275
3.9500;0.5000;0.0000;4.6737;-2.1372;-0.0079;0.0328
3.9600;0.5000;0.0000;4.6951;-2.1307;-0.0078;0.0290
3.9700;0.5000;0.0000;4.7163;-2.1242;-0.0076;0.0314
3.9800;0.5000;0.0000;4.7375;-2.1179;-0.0076;0.0275
3.9900;0.5000;0.0000;4.7586;-2.1117;-0.0074;0.0314
4.0000;0.5000;0.0000;4.7797;-2.1056;-0.0078;0.0306
4.0100;0.5000;0.0000;4.8007;-2.0997;-0.0079;0.0297
4.0200;0.5000;0.0000;4.8216;-2.0938;-0.0076;0.0326
4.0300;0.5000;0.0000;4.8425;-2.0881;-0.0077;0.0306
4.0400;0.5000;0.0000;4.8633;-2.0825;-0.0080;0.0296
4.0500;0.5000;0.0000;4.8841;-2.0769;-0.0076;0.0283
4.0600;0.5000;0.0000;4.9048;-2.0713;-0.0078;0.0300
4.0700;0.5000;0.0000;4.9255;-2.0659;-0.0076;0.0289
4.0800;0.5000;0.0000;4.9461;-2.0605;-0.0074;0.0305
4.0900;0.5000;0.0000;4.9666;-2.0551;-0.0076;0.0302
4.1000;0.5000;0.0000;4.9871;-2.0498;-0.0075;0.0284
4.1100;0.5000;0.0000;5.0076;-2.0445;-0.0077;0.0300
4.1200;0.5000;0.0000;5.0282;-2.0483;-0.0085;0.7363
4.1300;0.5000;0.0000;5.0481;-2.0006;-0.0072;-0.0969
4.1400;0.5000;0.0000;5.0690;-2.0912;-0.0081;-0.0743
4.1500;0.5000;0.0000;5.0882;-1.9205;-0.0074;-0.0643
4.1600;0.5000;0.0000;5.1101;-2.1902;-0.0084;-0.0462
4.1700;0.5000;0.0000;5.1276;-1.7457;-0.0068;-0.0393
4.1800;0.5000;0.0000;5.1499;-2.2297;-0.0082;-0.0254
4.1900;0.5000;0.0000;5.1638;-1.3958;-0.0044;-0.0247
4.2000;0.5000;0.0000;5.1406;2.3192;0.0089;-0.0743
4.2100;0.5000;0.0000;5.1443;-0.3730;0.0001;-0.0278
4.2200;0.5000;0.0000;5.1018;4.2518;0.0192;-0.0862
4.2300;0.5000;0.0000;5.1141;-1.2280;-0.0032;-0.0033
4.2400;0.5000;0.0000;5.0790;3.5108;0.0156;-0.0670
4.2500;0.5000;0.0000;5.0929;-1.3922;-0.0033;0.0031
4.2600;0.5000;0.0000;5.0601;3.2802;0.0142;-0.0580
4.2700;0.5000;0.0000;5.0761;-1.5973;-0.0046;0.0115
4.2800;0.5000;0.0000;5.0456;3.0481;0.0128;-0.0503
4.2900;0.5000;0.0000;5.0635;-1.7927;-0.0054;0.0218
4.3000;0.5000;0.0000;5.0351;2.8386;0.0115;-0.0473
4.3100;0.5000;0.0000;5.0550;-1.9868;-0.0068;0.0273
4.3200;0.5000;0.0000;5.0286;2.6380;0.0104;-0.0384
4.3300;0.5000;0.0000;5.0502;-2.1541;-0.0073;0.0274
4.3400;0.5000;0.0000;5.0257;2.4417;0.0095;-0.0324
4.3500;0.5000;0.0000;5.0489;-2.3209;-0.0084;0.0311
4.3600;0.5000;0.0000;5.0263;2.2652;0.0089;-0.0286
4.3700;0.5000;0.0000;5.0510;-2.4683;-0.0092;0.0304
4.3800;0.5000;0.0000;5.0300;2.1008;0.0081;-0.0293
4.3900;0.5000;0.0000;5.0561;-2.6128;-0.0099;0.0414
4.4000;0.5000;0.0000;5.0364;1.9649;0.0074;-0.0265
4.4100;0.5000;0.0000;5.0638;-2.7394;-0.0101;0.0407
4.4200;0.5000;0.0000;5.0456;1.8251;0.0066;-0.0215
4.4300;0.5000;0.0000;5.0741;-2.8527;-0.0110;0.0409
4.4400;0.5000;0.0000;5.0571;1.6980;0.0065;-0.0201
4.4500;0.5000;0.0000;5.0867;-2.9551;-0.0112;0.0453
4.4600;0.5000;0.0000;5.0707;1.5955;0.0062;-0.0237
4.4700;0.5000;0.0000;5.0990;-2.8354;-0.0120;-0.3074
4.4800;0.5000;0.0000;5.0933;0.5686;-0.0528;-0.3615
4.4900;0.5000;0.0000;5.1195;-2.6313;-0.0546;-0.6765
4.5000;0.5000;0.0000;5.1144;0.5069;-0.0201;-0.3368
4.5100;0.5000;0.0000;5.1437;-2.9300;-0.0182;-0.5094
4.5200;0.5000;0.0000;5.1342;0.9464;0.0097;-0.1983
4.5300;0.5000;0.0000;5.1659;-3.1704;-0.0018;-0.3911
4.5400;0.5000;0.0000;5.1564;0.9422;0.0121;-0.0953
4.5500;0.5000;0.0000;5.1891;-3.2707;-0.0032;-0.3025
4.5600;0.5000;0.0000;5.1789;1.0168;0.0165;-0.0197
4.5700;0.5000;0.0000;5.2127;-3.3748;-0.0019;-0.2412
4.5800;0.5000;0.0000;5.2027;1.0015;0.0104;0.0362
4.5900;0.5000;0.0000;5.2369;-3.4259;-0.0067;-0.1942
4.6000;0.5000;0.0000;5.2270;0.9882;0.0124;0.0726
4.6100;0.5000;0.0000;5.2618;-3.4791;-0.0059;-0.1608
4.6200;0.5000;0.0000;5.2522;0.9638;0.0065;0.1004
4.6300;0.5000;0.0000;5.2873;-3.5154;-0.0111;-0.1332
4.6400;0.5000;0.0000;5.2779;0.9405;0.0088;0.1147
4.6500;0.5000;0.0000;5.3134;-3.5500;-0.0089;-0.1201
4.6600;0.5000;0.0000;5.3043;0.9084;0.0038;0.1304
4.6700;0.5000;0.0000;5.3400;-3.5683;-0.0136;-0.1131
4.6800;0.5000;0.0000;5.3313;0.8715;0.0070;0.1420
4.6900;0.5000;0.0000;5.3672;-3.5865;-0.0111;-0.1007
4.7000;0.5000;0.0000;5.3587;0.8505;0.0021;0.1399
4.7100;0.5000;0.0000;5.3948;-3.6123;-0.0151;-0.0963
4.7200;0.5000;0.0000;5.3865;0.8261;0.0057;0.1472
4.7300;0.5000;0.0000;5.4227;-3.6181;-0.0117;-0.0945
4.7400;0.5000;0.0000;5.4148;0.7961;0.0015;0.1510
4.7500;0.5000;0.0000;5.4510;-3.6273;-0.0163;-0.0963
4.7600;0.5000;0.0000;5.4433;0.7763;0.0049;0.1488
4.7700;0.5000;0.0000;5.4797;-3.6383;-0.0119;-0.0906
4.7800;0.5000;0.0000;5.4720;0.7648;0.0010;0.1469
4.7900;0.5000;0.0000;5.5085;-3.6465;-0.0163;-0.0932
4.8000;0.5000;0.0000;5.5011;0.7411;0.0042;0.1503
4.8100;0.5000;0.0000;5.5375;-3.6466;-0.0126;-0.0983
4.8200;0.5000;0.0000;5.5303;0.7245;0.0009;0.1466
4.8300;0.5000;0.0000;5.5668;-3.6496;-0.0167;-0.0955
4.8400;0.5000;0.0000;5.5596;0.7151;0.0039;0.1459
4.8500;0.5000;0.0000;5.5961;-3.6513;-0.0129;-0.0962
4.8600;0.5000;0.0000;5.5891;0.7052;0.0012;0.1426
4.8700;0.5000;0.0000;5.6256;-3.6534;-0.0166;-0.0988
4.8800;0.5000;0.0000;5.6187;0.6936;0.0037;0.1483
4.8900;0.5000;0.0000;5.6552;-3.6460;-0.0131;-0.1021
4.9000;0.5000;0.0000;5.6484;0.6795;0.0012;0.1434
4.9100;0.5000;0.0000;5.6848;-3.6469;-0.0166;-0.0993
4.9200;0.5000;0.0000;5.6780;0.6811;0.0031;0.1398
4.9300;0.5000;0.0000;5.7145;-3.6487;-0.0129;-0.0958
4.9400;0.5000;0.0000;5.7077;0.6837;0.0010;0.1400
4.9500;0.5000;0.0000;5.7444;-3.6737;-0.0165;-0.0493
4.9600;0.5000;0.0000;5.7367;0.7697;-0.0048;0.1969
4.9700;0.5000;0.0000;5.7736;-3.6846;-0.0187;-0.0140
4.9800;0.5000;0.0000;5.7662;0.7380;-0.0007;0.1781
4.9900;0.5000;0.0000;5.8028;-3.6612;-0.0170;-0.0326
5.0000;0.5000;0.0000;5.7959;0.6986;0.0034;0.1632
5.0100;0.5000;0.0000;5.8322;-3.6376;-0.0118;-0.0516
5.0200;0.5000;0.0000;5.8245;0.7697;0.0020;-0.0234
5.0300;0.5000;0.0000;5.8654;-4.0907;-0.0428;-0.3062
5.0400;0.5000;0.0000;5.8533;1.2117;-0.0380;-0.5076
5.0500;0.5000;0.0000;5.8999;-4.6679;-0.0338;-0.3756
5.0600;0.5000;0.0000;5.8888;1.1093;0.0028;-0.3647
5.0700;0.5000;0.0000;5.9284;-3.9635;-0.0162;-0.2592
5.0800;0.5000;0.0000;5.9207;0.7692;0.0058;-0.2608
5.0900;0.5000;0.0000;5.9594;-3.8659;-0.0049;-0.1722
5.1000;0.5000;0.0000;5.9518;0.7574;0.0125;-0.1834
5.1100;0.5000;0.0000;5.9891;-3.7272;-0.0082;-0.1083
5.1200;0.5000;0.0000;5.9824;0.6614;0.0083;-0.1291
5.1300;0.5000;0.0000;6.0190;-3.6612;-0.0058;-0.0636
5.1400;0.5000;0.0000;6.0126;0.6433;0.0093;-0.0876
5.1500;0.5000;0.0000;6.0488;-3.6147;-0.0096;-0.0268
5.1600;0.5000;0.0000;6.0425;0.6218;0.0060;-0.0607
5.1700;0.5000;0.0000;6.0784;-3.5892;-0.0086;-0.0070
5.1800;0.5000;0.0000;6.0723;0.6104;0.0062;-0.0387
5.1900;0.5000;0.0000;6.1080;-3.5686;-0.0112;0.0118
5.2000;0.5000;0.0000;6.1020;0.6020;0.0043;-0.0270
5.2100;0.5000;0.0000;6.1376;-3.5574;-0.0109;0.0233
5.2200;0.5000;0.0000;6.1316;0.6008;0.0043;-0.0180
5.2300;0.5000;0.0000;6.1670;-3.5471;-0.0124;0.0303
5.2400;0.5000;0.0000;6.1611;0.5953;0.0034;-0.0119
5.2500;0.5000;0.0000;6.1965;-3.5398;-0.0122;0.0350
5.2600;0.5000;0.0000;6.1905;0.5939;0.0032;-0.0073
5.2700;0.5000;0.0000;6.2258;-3.5315;-0.0129;0.0365
5.2800;0.5000;0.0000;6.2200;0.5861;0.0027;-0.0042
5.2900;0.5000;0.0000;6.2552;-3.5229;-0.0129;0.0403
5.3000;0.5000;0.0000;6.2493;0.5894;0.0027;0.0007
5.3100;0.5000;0.0000;6.2845;-3.5149;-0.0131;0.0359
5.3200;0.5000;0.0000;6.2787;0.5804;0.0023;-0.0026
5.3300;0.5000;0.0000;6.3138;-3.5102;-0.0133;0.0421
5.3400;0.5000;0.0000;6.3079;0.5861;0.0024;-0.0062
5.3500;0.5000;0.0000;6.3430;-3.5048;-0.0133;0.0403
5.3600;0.5000;0.0000;6.3371;0.5833;0.0021;-0.0013
5.3700;0.5000;0.0000;6.3721;-3.4927;-0.0132;0.0359
5.3800;0.5000;0.0000;6.3663;0.5755;0.0022;-0.0050
5.3900;0.5000;0.0000;6.4012;-3.4895;-0.0134;0.0362
5.4000;0.5000;0.0000;6.3954;0.5796;0.0022;-0.0055
5.4100;0.5000;0.0000;6.4302;-3.4784;-0.0134;0.0363
5.4200;0.5000;0.0000;6.4244;0.5755;0.0020;-0.0053
5.4300;0.5000;0.0000;6.4591;-3.4698;-0.0135;0.0334
5.4400;0.5000;0.0000;6.4536;0.5517;0.0019;0.0283
5.4500;0.5000;0.0000;6.4875;-3.3913;-0.0188;0.0767
5.4600;0.5000;0.0000;6.4823;0.5200;-0.0034;0.0673
5.4700;0.5000;0.0000;6.5160;-3.3689;-0.0153;0.0728
5.4800;0.5000;0.0000;6.5107;0.5341;0.0018;0.0491
5.4900;0.5000;0.0000;6.5447;-3.4054;-0.0129;0.0541
5.5000;0.5000;0.0000;6.5392;0.5561;0.0026;0.0358
5.5100;0.5000;0.0000;6.5733;-3.4104;-0.0119;0.0446
5.5200;0.5000;0.0000;6.5677;0.5627;0.0032;0.0256
5.5300;0.5000;0.0000;6.6018;-3.4139;-0.0121;0.0329
5.5400;0.5000;0.0000;6.5961;0.5667;0.0032;0.0178
5.5500;0.5000;0.0000;6.6303;-3.4115;-0.0121;0.0310
5.5600;0.5000;0.0000;6.6245;0.5707;0.0029;0.0120
5.5700;0.5000;0.0000;6.6586;-3.4063;-0.0124;0.0255
5.5800;0.5000;0.0000;6.6529;0.5707;0.0028;0.0095
5.5900;0.5000;0.0000;6.6869;-3.3967;-0.0125;0.0205
5.6000;0.5000;0.0000;6.6812;0.5689;0.0025;0.0034
5.6100;0.5000;0.0000;6.7151;-3.3923;-0.0126;0.0186
5.6200;0.5000;0.0000;6.7094;0.5722;0.0024;0.0021
5.6300;0.5000;0.0000;6.7432;-3.3803;-0.0126;0.0144
5.6400;0.5000;0.0000;6.7375;0.5672;0.0025;0.0022
5.6500;0.5000;0.0000;6.7712;-3.3712;-0.0127;0.0160
5.6600;0.5000;0.0000;6.7655;0.5713;0.0025;-0.0040
5.6700;0.5000;0.0000;6.7992;-3.3659;-0.0127;0.0145
5.6800;0.5000;0.0000;6.7935;0.5692;0.0023;0.0008
5.6900;0.5000;0.0000;6.8270;-3.3515;-0.0127;0.0137
5.7000;0.5000;0.0000;6.8213;0.5670;0.0025;-0.0038
5.7100;0.5000;0.0000;6.8548;-3.3461;-0.0128;0.0135
5.7200;0.5000;0.0000;6.8491;0.5690;0.0023;-0.0020
5.7300;0.5000;0.0000;6.8824;-3.3337;-0.0126;0.0124
5.7400;0.5000;0.0000;6.8768;0.5668;0.0021;-0.0003
5.7500;0.5000;0.0000;6.9100;-3.3218;-0.0126;0.0126
5.7600;0.5000;0.0000;6.9043;0.5653;0.0020;-0.0040
5.7700;0.5000;0.0000;6.9375;-3.3165;-0.0127;0.0120
5.7800;0.5000;0.0000;6.9318;0.5676;0.0024;-0.0040
5.7900;0.5000;0.0000;6.9649;-3.3038;-0.0124;0.0109
5.8000;0.5000;0.0000;6.9592;0.5640;0.0022;-0.0017
5.8100;0.5000;0.0000;6.9922;-3.2955;-0.0126;0.0134
5.8200;0.5000;0.0000;6.9865;0.5651;0.0021;-0.0030
5.8300;0.5000;0.0000;7.0194;-3.2865;-0.0125;0.0123
5.8400;0.5000;0.0000;7.0137;0.5649;0.0023;-0.0026
5.8500;0.5000;0.0000;7.0465;-3.2753;-0.0125;0.0110
5.8600;0.5000;0.0000;7.0409;0.5636;0.0019;-0.0037
5.8700;0.5000;0.0000;7.0735;-3.2671;-0.0125;0.0129
5.8800;0.5000;0.0000;7.0679;0.5639;0.0021;-0.0048
5.8900;0.5000;0.0000;7.1005;-3.2585;-0.0122;0.0130
5.9000;0.5000;0.0000;7.0948;0.5641;0.0019;-0.0014
5.9100;0.5000;0.0000;7.1273;-3.2461;-0.0120;0.0124
5.9200;0.5000;0.0000;7.1217;0.5611;0.0020;-0.0008
5.9300;0.5000;0.0000;7.1541;-3.2378;-0.0121;0.0108
5.9400;0.5000;0.0000;7.1485;0.5609;0.0020;-0.0035
5.9500;0.5000;0.0000;7.1807;-3.2275;-0.0123;0.0114
5.9600;0.5000;0.0000;7.1751;0.5616;0.0022;-0.0027
5.9700;0.5000;0.0000;7.2073;-3.2212;-0.0125;0.0152
5.9800;0.5000;0.0000;7.2017;0.5623;0.0021;-0.0039
5.9900;0.5000;0.0000;7.2338;-3.2094;-0.0124;0.0113
6.0000;0.5000;0.0000;7.2282;0.5599;0.0022;-0.0011
6.0100;0.5000;0.0000;7.2602;-3.2001;-0.0123;0.0116
6.0200;0.5000;0.0000;7.2546;0.5589;0.0023;-0.0007
6.0300;0.5000;0.0000;7.2865;-3.1906;-0.0121;0.0141
6.0400;0.5000;0.0000;7.2809;0.5604;0.0020;-0.0043
6.0500;0.5000;0.0000;7.3123;-3.1377;-0.0128;-0.0511
6.0600;0.5000;0.0000;7.3071;0.5203;0.0099;0.0559
6.0700;0.5000;0.0000;7.3391;-3.1960;-0.0154;0.0804
6.0800;0.5000;0.0000;7.3326;0.6445;-0.0086;0.0390
6.0900;0.5000;0.0000;7.3645;-3.1867;-0.0248;0.0625
6.1000;0.5000;0.0000;7.3587;0.5790;-0.0129;0.0281
6.1100;0.5000;0.0000;7.3903;-3.1611;-0.0258;0.0537
6.1200;0.5000;0.0000;7.3845;0.5840;-0.0127;0.0079
6.1300;0.5000;0.0000;7.4163;-3.1788;-0.0256;0.1090
6.1400;0.5000;0.0000;7.4098;0.6470;-0.0016;0.0510
6.1500;0.5000;0.0000;7.4414;-3.1581;-0.0112;0.0863
6.1600;0.5000;0.0000;7.4368;0.4608;0.0055;-0.1988
6.1700;0.5000;0.0000;7.4668;-3.0073;-0.0065;-0.2457
6.1800;0.5000;0.0000;7.4639;0.2954;0.0066;-0.1753
6.1900;0.5000;0.0000;7.4942;-3.0346;-0.0058;-0.1811
6.2000;0.5000;0.0000;7.4897;0.4525;0.0071;-0.1209
6.2100;0.5000;0.0000;7.5204;-3.0736;-0.0069;-0.1303
6.2200;0.5000;0.0000;7.5156;0.4804;0.0062;-0.0779
6.2300;0.5000;0.0000;7.5464;-3.0814;-0.0078;-0.0965
6.2400;0.5000;0.0000;7.5413;0.5095;0.0053;-0.0456
6.2500;0.5000;0.0000;7.5722;-3.0855;-0.0087;-0.0722
6.2600;0.5000;0.0000;7.5669;0.5243;0.0043;-0.0255
6.2700;0.5000;0.0000;7.5977;-3.0819;-0.0095;-0.0528
6.2800;0.5000;0.0000;7.5924;0.5363;0.0039;-0.0064
6.2900;0.5000;0.0000;7.6231;-3.0753;-0.0104;-0.0371
6.3000;0.5000;0.0000;7.6177;0.5405;0.0035;0.0022
6.3100;0.5000;0.0000;7.6484;-3.0697;-0.0107;-0.0310
6.3200;0.5000;0.0000;7.6430;0.5433;0.0030;0.0118
6.3300;0.5000;0.0000;7.6736;-3.0609;-0.0113;-0.0192
6.3400;0.5000;0.0000;7.6681;0.5464;0.0025;0.0158
6.3500;0.5000;0.0000;7.6987;-3.0536;-0.0113;-0.0167
6.3600;0.5000;0.0000;7.6932;0.5450;0.0022;0.0208
6.3700;0.5000;0.0000;7.7237;-3.0443;-0.0117;-0.0108
6.3800;0.5000;0.0000;7.7182;0.5464;0.0020;0.0231
6.3900;0.5000;0.0000;7.7486;-3.0357;-0.0117;-0.0090
6.4000;0.5000;0.0000;7.7431;0.5463;0.0020;0.0230
6.4100;0.5000;0.0000;7.7734;-3.0278;-0.0120;-0.0109
6.4200;0.5000;0.0000;7.7679;0.5440;0.0019;0.0250
6.4300;0.5000;0.0000;7.7981;-3.0178;-0.0119;-0.0099
6.4400;0.5000;0.0000;7.7927;0.5436;0.0017;0.0240
6.4500;0.5000;0.0000;7.8228;-3.0110;-0.0104;-0.1100
6.4600;0.5000;0.0000;7.8183;0.4463;0.0159;0.0263
6.4700;0.5000;0.0000;7.8473;-2.8970;-0.0024;-0.0395
6.4800;0.5000;0.0000;7.8426;0.4682;0.0117;0.0269
6.4900;0.5000;0.0000;7.8721;-2.9489;-0.0051;-0.0337
6.5000;0.5000;0.0000;7.8671;0.5019;0.0099;0.0334
6.5100;0.5000;0.0000;7.8967;-2.9598;-0.0080;-0.0516
6.5200;0.5000;0.0000;7.8918;0.4881;0.0046;0.0952
6.5300;0.5000;0.0000;7.9208;-2.8968;-0.0028;0.0058
6.5400;0.5000;0.0000;7.9158;0.5001;0.0148;0.0798
6.5500;0.5000;0.0000;7.9460;-3.0223;0.0005;-0.1497
6.5600;0.5000;0.0000;7.9398;0.6214;0.0184;-0.2410
6.5700;0.5000;0.0000;7.9712;-3.1452;-0.0049;-0.2489
6.5800;0.5000;0.0000;7.9656;0.5598;0.0015;-0.1828
6.5900;0.5000;0.0000;7.9959;-3.0291;-0.0159;-0.1818
6.6000;0.5000;0.0000;7.9904;0.5482;-0.0043;-0.1191
6.6100;0.5000;0.0000;8.0203;-2.9917;-0.0186;-0.1302
6.6200;0.5000;0.0000;8.0150;0.5342;-0.0051;-0.0769
6.6300;0.5000;0.0000;8.0446;-2.9633;-0.0180;-0.0917
6.6400;0.5000;0.0000;8.0393;0.5310;-0.0041;-0.0474
6.6500;0.5000;0.0000;8.0688;-2.9443;-0.0170;-0.0638
6.6600;0.5000;0.0000;8.0635;0.5266;-0.0028;-0.0252
6.6700;0.5000;0.0000;8.0928;-2.9280;-0.0153;-0.0484
6.6800;0.5000;0.0000;8.0875;0.5252;-0.0014;-0.0052
6.6900;0.5000;0.0000;8.1167;-2.9141;-0.0139;-0.0318
6.7000;0.5000;0.0000;8.1114;0.5242;-0.0004;0.0030
6.7100;0.5000;0.0000;8.1405;-2.9051;-0.0130;-0.0212
6.7200;0.5000;0.0000;8.1352;0.5251;0.0005;0.0121
6.7300;0.5000;0.0000;8.1642;-2.8952;-0.0121;-0.0154
6.7400;0.5000;0.0000;8.1589;0.5217;0.0014;0.0157
6.7500;0.5000;0.0000;8.1878;-2.8866;-0.0111;-0.0120
6.7600;0.5000;0.0000;8.1826;0.5225;0.0019;0.0230
6.7700;0.5000;0.0000;8.2114;-2.8770;-0.0107;-0.0083
6.7800;0.5000;0.0000;8.2061;0.5211;0.0024;0.0222
6.7900;0.5000;0.0000;8.2348;-2.8699;-0.0102;-0.0058
6.8000;0.5000;0.0000;8.2296;0.5211;0.0028;0.0220
6.8100;0.5000;0.0000;8.2583;-2.8615;-0.0096;-0.0078
6.8200;0.5000;0.0000;8.2531;0.5186;0.0049;0.0092
6.8300;0.5000;0.0000;8.2819;-2.8839;-0.0060;-0.0609
6.8400;0.5000;0.0000;8.2765;0.5437;0.0125;-0.0333
6.8500;0.5000;0.0000;8.3053;-2.8871;0.0044;-0.0436
6.8600;0.5000;0.0000;8.3000;0.5345;0.0172;-0.0190
6.8700;0.5000;0.0000;8.3286;-2.8594;0.0058;-0.0284
6.8800;0.5000;0.0000;8.3233;0.5272;0.0165;-0.0119
6.8900;0.5000;0.0000;8.3517;-2.8421;0.0040;-0.0223
6.9000;0.5000;0.0000;8.3466;0.5180;0.0143;-0.0027
6.9100;0.5000;0.0000;8.3748;-2.8275;0.0018;-0.0134
6.9200;0.5000;0.0000;8.3696;0.5188;0.0114;0.0040
6.9300;0.5000;0.0000;8.3981;-2.8419;0.0009;-0.0638
6.9400;0.5000;0.0000;8.3927;0.5400;0.0049;-0.0579
6.9500;0.5000;0.0000;8.4212;-2.8529;-0.0136;-0.0453
6.9600;0.5000;0.0000;8.4159;0.5317;-0.0039;-0.0393
6.9700;0.5000;0.0000;8.4441;-2.8195;-0.0174;-0.0295
6.9800;0.5000;0.0000;8.4388;0.5221;-0.0053;-0.0239
6.9900;0.5000;0.0000;8.4669;-2.8012;-0.0178;-0.0175
7.0000;0.5000;0.0000;8.4617;0.5153;-0.0050;-0.0146
7.0100;0.5000;0.0000;8.4896;-2.7873;-0.0169;-0.0114
7.0200;0.5000;0.0000;8.4845;0.5117;-0.0037;-0.0083
7.0300;0.5000;0.0000;8.5122;-2.7755;-0.0157;-0.0052
7.0400;0.5000;0.0000;8.5071;0.5085;-0.0028;-0.0034
7.0500;0.5000;0.0000;8.5348;-2.7645;-0.0144;-0.0026
7.0600;0.5000;0.0000;8.5297;0.5075;-0.0017;-0.0012
7.0700;0.5000;0.0000;8.5573;-2.7558;-0.0137;0.0036
7.0800;0.5000;0.0000;8.5522;0.5075;-0.0009;-0.0026
7.0900;0.5000;0.0000;8.5797;-2.7481;-0.0128;0.0047
7.1000;0.5000;0.0000;8.5746;0.5063;-0.0003;0.0018
7.1100;0.5000;0.0000;8.6020;-2.7388;-0.0122;0.0035
7.1200;0.5000;0.0000;8.5969;0.5053;0.0004;0.0035
7.1300;0.5000;0.0000;8.6242;-2.7301;-0.0118;0.0066
7.1400;0.5000;0.0000;8.6192;0.5056;0.0007;0.0034
7.1500;0.5000;0.0000;8.6464;-2.7221;-0.0114;0.0038
7.1600;0.5000;0.0000;8.6414;0.5041;0.0013;0.0024
7.1700;0.5000;0.0000;8.6685;-2.7140;-0.0110;0.0049
7.1800;0.5000;0.0000;8.6635;0.5042;0.0012;0.0029
7.1900;0.5000;0.0000;8.6905;-2.7058;-0.0107;0.0059
7.2000;0.5000;0.0000;8.6855;0.5036;0.0015;0.0026
7.2100;0.5000;0.0000;8.7125;-2.6974;-0.0105;0.0061
7.2200;0.5000;0.0000;8.7074;0.5035;0.0017;0.0007
7.2300;0.5000;0.0000;8.7343;-2.6903;-0.0105;0.0045
7.2400;0.5000;0.0000;8.7293;0.5023;0.0016;0.0028
7.2500;0.5000;0.0000;8.7561;-2.6814;-0.0103;0.0048
7.2600;0.5000;0.0000;8.7511;0.5026;0.0018;0.0029
7.2700;0.5000;0.0000;8.7778;-2.6731;-0.0103;0.0010
7.2800;0.5000;0.0000;8.7728;0.5003;0.0019;0.0030
7.2900;0.5000;0.0000;8.7995;-2.6645;-0.0100;0.0049
7.3000;0.5000;0.0000;8.7944;0.5016;0.0019;-0.0007
7.3100;0.5000;0.0000;8.8210;-2.6574;-0.0102;0.0027
7.3200;0.5000;0.0000;8.8160;0.5006;0.0021;0.0018
7.3300;0.5000;0.0000;8.8425;-2.6480;-0.0098;0.0014
7.3400;0.5000;0.0000;8.8375;0.5001;0.0018;0.0039
7.3500;0.5000;0.0000;8.8639;-2.6400;-0.0100;0.0040
7.3600;0.5000;0.0000;8.8589;0.4996;0.0019;-0.0005
7.3700;0.5000;0.0000;8.8852;-2.6322;-0.0098;0.0022
7.3800;0.5000;0.0000;8.8802;0.4998;0.0019;0.0002
7.3900;0.5000;0.0000;8.9065;-2.6243;-0.0101;0.0014
7.4000;0.5000;0.0000;8.9015;0.4987;0.0020;0.0024
7.4100;0.5000;0.0000;8.9276;-2.6155;-0.0098;0.0020
7.4200;0.5000;0.0000;8.9226;0.4987;0.0020;0.0024
7.4300;0.5000;0.0000;8.9487;-2.6073;-0.0098;0.0042
7.4400;0.5000;0.0000;8.9437;0.4985;0.0019;-0.0003
7.4500;0.5000;0.0000;8.9697;-2.5991;-0.0099;-0.0003
7.4600;0.5000;0.0000;8.9648;0.4974;0.0018;-0.0005
7.4700;0.5000;0.0000;8.9907;-2.5909;-0.0097;0.0020
7.4800;0.5000;0.0000;8.9857;0.4974;0.0021;0.0022
7.4900;0.5000;0.0000;9.0115;-2.5820;-0.0097;-0.0000
7.5000;0.5000;0.0000;9.0065;0.4964;0.0018;0.0002
7.5100;0.5000;0.0000;9.0323;-2.5767;-0.0122;0.0107
7.5200;0.5000;0.0000;9.0273;0.5053;-0.0013;0.0155
7.5300;0.5000;0.0000;9.0530;-2.5711;-0.0142;0.0186
7.5400;0.5000;0.0000;9.0479;0.5054;-0.0033;0.0081
7.5500;0.5000;0.0000;9.0735;-2.5612;-0.0150;0.0155
7.5600;0.5000;0.0000;9.0685;0.5011;-0.0034;0.0083
7.5700;0.5000;0.0000;9.0940;-2.5512;-0.0143;0.0089
7.5800;0.5000;0.0000;9.0890;0.4985;-0.0026;0.0047
7.5900;0.5000;0.0000;9.1145;-2.5417;-0.0136;0.0068
7.6000;0.5000;0.0000;9.1095;0.4973;-0.0022;0.0034
7.6100;0.5000;0.0000;9.1348;-2.5334;-0.0133;0.0050
7.6200;0.5000;0.0000;9.1299;0.4957;-0.0016;-0.0009
7.6300;0.5000;0.0000;9.1551;-2.5256;-0.0125;0.0027
7.6400;0.5000;0.0000;9.1502;0.4947;-0.0008;0.0024
7.6500;0.5000;0.0000;9.1753;-2.5162;-0.0120;0.0020
7.6600;0.5000;0.0000;9.1704;0.4940;-0.0006;0.0006
7.6700;0.5000;0.0000;9.1955;-2.5084;-0.0116;0.0036
7.6800;0.5000;0.0000;9.1905;0.4937;-0.0002;-0.0026
7.6900;0.5000;0.0000;9.2156;-2.5016;-0.0112;0.0037
7.7000;0.5000;0.0000;9.2106;0.4945;0.0000;-0.0020
7.7100;0.5000;0.0000;9.2355;-2.4924;-0.0110;0.0006
7.7200;0.5000;0.0000;9.2306;0.4924;0.0005;-0.0034
7.7300;0.5000;0.0000;9.2555;-2.4855;-0.0107;0.0026
7.7400;0.5000;0.0000;9.2505;0.4931;0.0003;-0.0019
7.7500;0.5000;0.0000;9.2753;-2.4772;-0.0104;0.0031
7.7600;0.5000;0.0000;9.2704;0.4925;0.0005;-0.0039
7.7700;0.5000;0.0000;9.2951;-2.4695;-0.0105;0.0041
7.7800;0.5000;0.0000;9.2902;0.4924;0.0006;-0.0040
7.7900;0.5000;0.0000;9.3148;-2.4610;-0.0104;0.0013
7.8000;0.5000;0.0000;9.3099;0.4912;0.0008;0.0003
7.8100;0.5000;0.0000;9.3344;-2.4522;-0.0101;0.0024
7.8200;0.5000;0.0000;9.3295;0.4909;0.0009;-0.0027
7.8300;0.5000;0.0000;9.3539;-2.4456;-0.0102;0.0013
7.8400;0.5000;0.0000;9.3491;0.4876;-0.0011;0.0068
7.8500;0.5000;0.0000;9.3733;-2.4296;-0.0131;0.0125
7.8600;0.5000;0.0000;9.3685;0.4868;-0.0027;0.0106
7.8700;0.5000;0.0000;9.3927;-2.4236;-0.0143;0.0088
7.8800;0.5000;0.0000;9.3878;0.4873;-0.0030;0.0064
7.8900;0.5000;0.0000;9.4120;-2.4181;-0.0137;0.0068
7.9000;0.5000;0.0000;9.4071;0.4889;-0.0024;0.0050
7.9100;0.5000;0.0000;9.4313;-2.4117;-0.0129;0.0048
7.9200;0.5000;0.0000;9.4264;0.4886;-0.0018;0.0022
7.9300;0.5000;0.0000;9.4504;-2.4049;-0.0122;0.0016
7.9400;0.5000;0.0000;9.4455;0.4879;-0.0009;0.0033
7.9500;0.5000;0.0000;9.4695;-2.3971;-0.0115;0.0017
7.9600;0.5000;0.0000;9.4646;0.4878;-0.0003;0.0014
7.9700;0.5000;0.0000;9.4886;-2.3932;-0.0135;0.0185
7.9800;0.5000;0.0000;9.4836;0.4992;-0.0002;0.0168
7.9900;0.5000;0.0000;9.5074;-2.3860;-0.0094;0.0172
8.0000;0.5000;0.0000;9.5025;0.4942;0.0030;0.0087
8.0100;0.5000;0.0000;9.5263;-2.3766;-0.0079;0.0143
8.0200;0.5000;0.0000;9.5213;0.4917;0.0035;0.0057
8.0300;0.5000;0.0000;9.5450;-2.3678;-0.0074;0.0090
8.0400;0.5000;0.0000;9.5401;0.4900;0.0034;0.0027
8.0500;0.5000;0.0000;9.5637;-2.3593;-0.0077;0.0085
8.0600;0.5000;0.0000;9.5588;0.4885;0.0032;0.0006
8.0700;0.5000;0.0000;9.5823;-2.3508;-0.0080;0.0033
8.0800;0.5000;0.0000;9.5775;0.4866;0.0026;0.0008
8.0900;0.5000;0.0000;9.6009;-2.3434;-0.0086;0.0051
8.1000;0.5000;0.0000;9.5960;0.4873;0.0024;-0.0016
8.1100;0.5000;0.0000;9.6194;-2.3356;-0.0086;0.0032
8.1200;0.5000;0.0000;9.6145;0.4854;0.0023;-0.0004
8.1300;0.5000;0.0000;9.6378;-2.3271;-0.0089;-0.0007
8.1400;0.5000;0.0000;9.6330;0.4848;0.0018;-0.0012
8.1500;0.5000;0.0000;9.6562;-2.3196;-0.0091;0.0022
8.1600;0.5000;0.0000;9.6513;0.4843;0.0017;-0.0035
8.1700;0.5000;0.0000;9.6744;-2.3129;-0.0095;0.0042
8.1800;0.5000;0.0000;9.6696;0.4855;0.0015;-0.0015
8.1900;0.5000;0.0000;9.6926;-2.3047;-0.0094;0.0004
8.2000;0.5000;0.0000;9.6878;0.4827;0.0014;-0.0050
8.2100;0.5000;0.0000;9.7108;-2.2975;-0.0095;0.0039
8.2200;0.5000;0.0000;9.7059;0.4843;0.0014;-0.0038
8.2300;0.5000;0.0000;9.7288;-2.2899;-0.0097;0.0027
8.2400;0.5000;0.0000;9.7240;0.4830;0.0012;-0.0017
8.2500;0.5000;0.0000;9.7468;-2.2818;-0.0095;0.0018
8.2600;0.5000;0.0000;9.7420;0.4819;0.0012;-0.0001
8.2700;0.5000;0.0000;9.7647;-2.2747;-0.0097;0.0023
8.2800;0.5000;0.0000;9.7599;0.4802;-0.0008;0.0034
8.2900;0.5000;0.0000;9.7826;-2.2614;-0.0102;0.0148
8.3000;0.5000;0.0000;9.7778;0.4784;0.0017;0.0097
8.3100;0.5000;0.0000;9.8003;-2.2539;-0.0079;0.0091
8.3200;0.5000;0.0000;9.7955;0.4787;0.0029;0.0089
8.3300;0.5000;0.0000;9.8180;-2.2490;-0.0076;0.0069
8.3400;0.5000;0.0000;9.8132;0.4792;0.0030;0.0041
8.3500;0.5000;0.0000;9.8357;-2.2429;-0.0073;0.0048
8.3600;0.5000;0.0000;9.8309;0.4797;0.0029;0.0027
8.3700;0.5000;0.0000;9.8532;-2.2365;-0.0076;0.0044
8.3800;0.5000;0.0000;9.8484;0.4800;0.0028;0.0005
8.3900;0.5000;0.0000;9.8707;-2.2294;-0.0078;0.0041
8.4000;0.5000;0.0000;9.8659;0.4799;0.0026;-0.0005
8.4100;0.5000;0.0000;9.8881;-2.2225;-0.0078;0.0015
8.4200;0.5000;0.0000;9.8834;0.4785;0.0023;0.0000
8.4300;0.5000;0.0000;9.9055;-2.2148;-0.0081;-0.0003
8.4400;0.5000;0.0000;9.9007;0.4784;0.0022;-0.0001
8.4500;0.5000;0.0000;9.9228;-2.2078;-0.0081;0.0006
8.4600;0.5000;0.0000;9.9180;0.4777;0.0020;-0.0000
8.4700;0.5000;0.0000;9.9400;-2.2001;-0.0082;-0.0009
8.4800;0.5000;0.0000;9.9353;0.4771;0.0019;0.0004
8.4900;0.5000;0.0000;9.9572;-2.1928;-0.0081;-0.0006
8.5000;0.5000;0.0000;9.9524;0.4764;0.0019;-0.0013
8.5100;0.5000;0.0000;9.9743;-2.1856;-0.0085;-0.0002
8.5200;0.5000;0.0000;9.9695;0.4765;0.0018;0.0030
8.5300;0.5000;0.0000;9.9913;-2.1784;-0.0082;-0.0013
8.5400;0.5000;0.0000;9.9865;0.4756;0.0018;0.0008
8.5500;0.5000;0.0000;10.0082;-2.1708;-0.0083;-0.0007
8.5600;0.5000;0.0000;10.0035;0.4749;0.0018;-0.0006
8.5700;0.5000;0.0000;10.0251;-2.1636;-0.0084;-0.0009
8.5800;0.5000;0.0000;10.0204;0.4744;0.0018;-0.0008
8.5900;0.5000;0.0000;10.0420;-2.1566;-0.0081;0.0020
8.6000;0.5000;0.0000;10.0372;0.4750;0.0017;0.0006
8.6100;0.5000;0.0000;10.0587;-2.1495;-0.0082;-0.0019
8.6200;0.5000;0.0000;10.0540;0.4728;0.0019;0.0024
8.6300;0.5000;0.0000;10.0754;-2.1420;-0.0082;-0.0021
8.6400;0.5000;0.0000;10.0707;0.4727;0.0018;-0.0002
8.6500;0.5000;0.0000;10.0920;-2.1344;-0.0084;-0.0005
8.6600;0.5000;0.0000;10.0873;0.4734;0.0017;0.0025
8.6700;0.5000;0.0000;10.1086;-2.1278;-0.0083;-0.0008
8.6800;0.5000;0.0000;10.1038;0.4716;0.0019;-0.0012
8.6900;0.5000;0.0000;10.1251;-2.1213;-0.0081;-0.0003
8.7000;0.5000;0.0000;10.1203;0.4714;0.0016;0.0019
8.7100;0.5000;0.0000;10.1415;-2.1132;-0.0081;0.0000
8.7200;0.5000;0.0000;10.1368;0.4710;0.0018;-0.0008
8.7300;0.5000;0.0000;10.1578;-2.1067;-0.0080;-0.0001
8.7400;0.5000;0.0000;10.1531;0.4702;0.0018;-0.0011
8.7500;0.5000;0.0000;10.1741;-2.0997;-0.0080;-0.0001
8.7600;0.5000;0.0000;10.1694;0.4700;0.0018;0.0019
8.7700;0.5000;0.0000;10.1903;-2.0925;-0.0079;0.0005
8.7800;0.5000;0.0000;10.1857;0.4693;0.0016;0.0000
8.7900;0.5000;0.0000;10.2065;-2.0855;-0.0079;-0.0013
8.8000;0.5000;0.0000;10.2018;0.4685;0.0018;-0.0001
8.8100;0.5000;0.0000;10.2226;-2.0787;-0.0079;0.0005
8.8200;0.5000;0.0000;10.2179;0.4682;0.0018;-0.0003
8.8300;0.5000;0.0000;10.2386;-2.0711;-0.0080;-0.0011
8.8400;0.5000;0.0000;10.2340;0.4676;0.0017;0.0019
8.8500;0.5000;0.0000;10.2546;-2.0642;-0.0078;-0.0011
8.8600;0.5000;0.0000;10.2499;0.4671;0.0017;0.0025
8.8700;0.5000;0.0000;10.2705;-2.0575;-0.0079;-0.0011
8.8800;0.5000;0.0000;10.2658;0.4664;0.0018;-0.0013
8.8900;0.5000;0.0000;10.2864;-2.0507;-0.0080;0.0017
8.9000;0.5000;0.0000;10.2817;0.4658;0.0018;-0.0021
8.9100;0.5000;0.0000;10.3021;-2.0440;-0.0078;0.0008
8.9200;0.5000;0.0000;10.2975;0.4657;0.0018;0.0004
8.9300;0.5000;0.0000;10.3179;-2.0373;-0.0077;0.0003
8.9400;0.5000;0.0000;10.3132;0.4651;0.0019;0.0009
8.9500;0.5000;0.0000;10.3335;-2.0298;-0.0078;-0.0013
8.9600;0.5000;0.0000;10.3289;0.4639;0.0016;0.0008
8.9700;0.5000;0.0000;10.3491;-2.0229;-0.0078;-0.0001
8.9800;0.5000;0.0000;10.3445;0.4633;0.0018;-0.0004
8.9900;0.5000;0.0000;10.3646;-2.0168;-0.0076;0.0026
9.0000;0.5000;0.0000;10.3600;0.4638;0.0018;-0.0003
9.0100;0.5000;0.0000;10.3801;-2.0094;-0.0077;0.0004
9.0200;0.5000;0.0000;10.3755;0.4626;0.0016;0.0006
9.0300;0.5000;0.0000;10.3955;-2.0028;-0.0076;-0.0001
9.0400;0.5000;0.0000;10.3909;0.4618;0.0019;0.0004
9.0500;0.5000;0.0000;10.4108;-1.9961;-0.0077;0.0013
9.0600;0.5000;0.0000;10.4062;0.4618;0.0018;-0.0001
9.0700;0.5000;0.0000;10.4261;-1.9893;-0.0077;0.0017
9.0800;0.5000;0.0000;10.4215;0.4608;0.0019;-0.0003
9.0900;0.5000;0.0000;10.4413;-1.9827;-0.0077;0.0014
9.1000;0.5000;0.0000;10.4367;0.4606;0.0019;0.0012
9.1100;0.5000;0.0000;10.4565;-1.9757;-0.0075;0.0023
9.1200;0.5000;0.0000;10.4519;0.4597;0.0019;-0.0018
9.1300;0.5000;0.0000;10.4716;-1.9693;-0.0077;0.0020
9.1400;0.5000;0.0000;10.4670;0.4594;0.0018;-0.0031
9.1500;0.5000;0.0000;10.4866;-1.9627;-0.0075;0.0029
9.1600;0.5000;0.0000;10.4820;0.4588;0.0018;-0.0005
9.1700;0.5000;0.0000;10.5016;-1.9562;-0.0073;0.0007
9.1800;0.5000;0.0000;10.4970;0.4580;0.0018;-0.0021
9.1900;0.5000;0.0000;10.5165;-1.9494;-0.0076;0.0013
9.2000;0.5000;0.0000;10.5119;0.4573;0.0017;0.0014
9.2100;0.5000;0.0000;10.5313;-1.9423;-0.0073;0.0014
9.2200;0.5000;0.0000;10.5268;0.4568;0.0018;-0.0026
9.2300;0.5000;0.0000;10.5461;-1.9364;-0.0075;0.0037
9.2400;0.5000;0.0000;10.5416;0.4565;0.0018;-0.0021
9.2500;0.5000;0.0000;10.5609;-1.9296;-0.0072;0.0013
9.2600;0.5000;0.0000;10.5563;0.4560;0.0017;-0.0006
9.2700;0.5000;0.0000;10.5755;-1.9226;-0.0074;-0.0010
9.2800;0.5000;0.0000;10.5710;0.4546;0.0018;-0.0014
9.2900;0.5000;0.0000;10.5902;-1.9165;-0.0073;0.0024
9.3000;0.5000;0.0000;10.5856;0.4544;0.0018;-0.0017
9.3100;0.5000;0.0000;10.6047;-1.9099;-0.0071;0.0001
9.3200;0.5000;0.0000;10.6002;0.4540;0.0018;-0.0009
9.3300;0.5000;0.0000;10.6192;-1.9033;-0.0073;0.0034
9.3400;0.5000;0.0000;10.6147;0.4529;0.0018;-0.0007
9.3500;0.5000;0.0000;10.6336;-1.8965;-0.0072;0.0005
9.3600;0.5000;0.0000;10.6291;0.4530;0.0017;-0.0005
9.3700;0.5000;0.0000;10.6480;-1.8904;-0.0073;-0.0002
9.3800;0.5000;0.0000;10.6435;0.4517;0.0019;0.0001
9.3900;0.5000;0.0000;10.6623;-1.8836;-0.0073;0.0005
9.4000;0.5000;0.0000;10.6578;0.4515;0.0016;-0.0002
9.4100;0.5000;0.0000;10.6766;-1.8771;-0.0072;0.0001
9.4200;0.5000;0.0000;10.6721;0.4506;0.0018;0.0005
9.4300;0.5000;0.0000;10.6908;-1.8710;-0.0073;-0.0002
9.4400;0.5000;0.0000;10.6863;0.4500;0.0019;-0.0003
9.4500;0.5000;0.0000;10.7049;-1.8642;-0.0072;0.0008
9.4600;0.5000;0.0000;10.7004;0.4496;0.0017;0.0011
9.4700;0.5000;0.0000;10.7190;-1.8578;-0.0070;-0.0010
9.4800;0.5000;0.0000;10.7145;0.4487;0.0017;0.0011
9.4900;0.5000;0.0000;10.7330;-1.8517;-0.0072;0.0010
9.5000;0.5000;0.0000;10.7286;0.4481;0.0018;-0.0004
9.5100;0.5000;0.0000;10.7470;-1.8453;-0.0070;0.0010
9.5200;0.5000;0.0000;10.7425;0.4477;0.0017;-0.0009
9.5300;0.5000;0.0000;10.7609;-1.8392;-0.0068;0.0022
9.5400;0.5000;0.0000;10.7565;0.4472;0.0015;-0.0001
9.5500;0.5000;0.0000;10.7748;-1.8329;-0.0070;0.0023
9.5600;0.5000;0.0000;10.7703;0.4468;0.0018;0.0006
9.5700;0.5000;0.0000;10.7886;-1.8265;-0.0069;0.0017
9.5800;0.5000;0.0000;10.7841;0.4456;0.0017;-0.0033
9.5900;0.5000;0.0000;10.8023;-1.8202;-0.0069;0.0011
9.6000;0.5000;0.0000;10.7979;0.4451;0.0017;0.0028
9.6100;0.5000;0.0000;10.8160;-1.8138;-0.0070;-0.0010
9.6200;0.5000;0.0000;10.8116;0.4442;0.0018;0.0003
9.6300;0.5000;0.0000;10.8297;-1.8077;-0.0070;0.0013
9.6400;0.5000;0.0000;10.8252;0.4442;0.0017;-0.0026
9.6500;0.5000;0.0000;10.8432;-1.8015;-0.0070;0.0033
9.6600;0.5000;0.0000;10.8388;0.4433;0.0020;-0.0038
9.6700;0.5000;0.0000;10.8568;-1.7957;-0.0070;0.0035
9.6800;0.5000;0.0000;10.8523;0.4431;0.0019;-0.0013
9.6900;0.5000;0.0000;10.8702;-1.7892;-0.0068;-0.0002
9.7000;0.5000;0.0000;10.8658;0.4418;0.0016;-0.0023
9.7100;0.5000;0.0000;10.8836;-1.7829;-0.0067;0.0021
9.7200;0.5000;0.0000;10.8792;0.4415;0.0017;-0.0009
9.7300;0.5000;0.0000;10.8970;-1.7766;-0.0067;0.0020
9.7400;0.5000;0.0000;10.8926;0.4410;0.0016;-0.0012
9.7500;0.5000;0.0000;10.9103;-1.7709;-0.0069;0.0022
9.7600;0.5000;0.0000;10.9059;0.4405;0.0018;-0.0006
9.7700;0.5000;0.0000;10.9235;-1.7645;-0.0069;-0.0004
9.7800;0.5000;0.0000;10.9191;0.4393;0.0017;-0.0009
9.7900;0.5000;0.0000;10.9367;-1.7585;-0.0067;0.0004
9.8000;0.5000;0.0000;10.9323;0.4388;0.0018;-0.0028
9.8100;0.5000;0.0000;10.9498;-1.7526;-0.0067;0.0027
9.8200;0.5000;0.0000;10.9455;0.4385;0.0018;-0.0009
9.8300;0.5000;0.0000;10.9629;-1.7464;-0.0067;0.0028
9.8400;0.5000;0.0000;10.9585;0.4376;0.0016;-0.0023
9.8500;0.5000;0.0000;10.9759;-1.7402;-0.0067;0.0014
9.8600;0.5000;0.0000;10.9716;0.4371;0.0018;0.0012
9.8700;0.5000;0.0000;10.9889;-1.7342;-0.0067;-0.0009
9.8800;0.5000;0.0000;10.9846;0.4359;0.0017;0.0001
9.8900;0.5000;0.0000;11.0018;-1.7281;-0.0067;-0.0008
9.9000;0.5000;0.0000;10.9975;0.4355;0.0017;-0.0003
9.9100;0.5000;0.0000;11.0147;-1.7220;-0.0066;0.0002
9.9200;0.5000;0.0000;11.0104;0.4347;0.0016;-0.0017
9.9300;0.5000;0.0000;11.0275;-1.7160;-0.0065;0.0030
9.9400;0.5000;0.0000;11.0232;0.4346;0.0018;0.0011
9.9500;0.5000;0.0000;11.0403;-1.7103;-0.0065;0.0003
9.9600;0.5000;0.0000;11.0359;0.4339;0.0016;-0.0005
9.9700;0.5000;0.0000;11.0530;-1.7041;-0.0063;-0.0002
9.9800;0.5000;0.0000;11.0487;0.4329;0.0017;0.0019
9.9900;0.5000;0.0000;11.0656;-1.6985;-0.0066;-0.0005
10.0000;0.5000;0.0000;11.0613;0.4322;0.0016;0.0011
10.0100;0.5000;0.0000;11.0782;-1.6924;-0.0064;0.0012
10.0200;0.5000;0.0000;11.0785;0.0157;0.0001;-9.8001
10.0300;0.5000;0.0000;11.0796;0.0157;0.0001;-9.8001
10.0400;0.5000;0.0000;11.0816;0.0157;0.0001;-9.8001
10.0500;0.5000;0.0000;11.0844;0.0157;0.0001;-9.8001
10.0600;0.5000;0.0000;11.0881;0.0157;0.0001;-9.8001
10.0700;0.5000;0.0000;11.0927;0.0157;0.0001;-9.8001
10.0800;0.5000;0.0000;11.0981;0.0158;0.0001;-9.8001
10.0900;0.5000;0.0000;11.1044;0.0157;0.0001;-9.8001
10.1000;0.5000;0.0000;11.1116;0.0157;0.0001;-9.8001
10.1100;0.5000;0.0000;11.1196;0.0157;0.0001;-9.8001
10.1200;0.5000;0.0000;11.1285;0.0157;0.0001;-9.8001
10.1300;0.5000;0.0000;11.1382;0.0157;0.0001;-9.8001
10.1400;0.5000;0.0000;11.1488;0.0157;0.0001;-9.8001
10.1500;0.5000;0.0000;11.1602;0.0157;0.0001;-9.8001
10.1600;0.5000;0.0000;11.1725;0.0157;0.0001;-9.8001
10.1700;0.5000;0.0000;11.1856;0.0158;0.0001;-9.8001
10.1800;0.5000;0.0000;11.1996;0.0157;0.0001;-9.8001
10.1900;0.5000;0.0000;11.2144;0.0157;0.0001;-9.8001
10.2000;0.5000;0.0000;11.2300;0.0157;0.0001;-9.8001
10.2100;0.5000;0.0000;11.2465;0.0157;0.0001;-9.8001
10.2200;0.5000;0.0000;11.2638;0.0156;0.0001;-9.8001
10.2300;0.5000;0.0000;11.2819;0.0156;0.0001;-9.8001
10.2400;0.5000;0.0000;11.2221;4.1680;-0.0095;10.1032
10.2500;0.5000;0.0000;11.2544;-7.5002;0.0819;24.2176
10.2600;0.5000;0.0000;11.1834;2.0769;0.1691;34.5844
10.2700;0.5000;0.0000;11.1820;-3.3549;0.0372;29.5398
10.2800;0.5000;0.0000;11.1610;-0.2456;-0.0074;25.0868
10.2900;0.5000;0.0000;11.1640;-1.8460;-0.0424;21.3103
10.3000;0.5000;0.0000;11.1650;-1.0946;-0.0506;18.0373
10.3100;0.5000;0.0000;11.1689;-1.0023;-0.0535;15.2291
10.3200;0.5000;0.0000;11.1798;-1.4429;-0.0514;12.8226
10.3300;0.5000;0.0000;11.1809;-0.2905;-0.0440;10.7344
10.3400;0.5000;0.0000;11.1955;-1.5262;-0.0411;8.9848
10.3500;0.5000;0.0000;11.1921;0.3261;-0.0301;7.4430
10.3600;0.5000;0.0000;11.2071;-1.4662;-0.0311;6.1665
10.3700;0.5000;0.0000;11.2011;0.6580;-0.0194;5.0390
10.3800;0.5000;0.0000;11.2164;-1.4769;-0.0242;4.1252
10.3900;0.5000;0.0000;11.2103;0.6687;-0.0131;3.2937
10.4000;0.5000;0.0000;11.2263;-1.5397;-0.0197;2.6495
10.4100;0.5000;0.0000;11.2207;0.5995;-0.0088;2.0474
10.4200;0.5000;0.0000;11.2369;-1.5818;-0.0164;1.5975
10.4300;0.5000;0.0000;11.2318;0.5381;-0.0063;1.1615
10.4400;0.5000;0.0000;11.2481;-1.6008;-0.0141;0.8544
10.4500;0.5000;0.0000;11.2433;0.4930;-0.0043;0.5410
10.4600;0.5000;0.0000;11.2594;-1.6033;-0.0123;0.3386
10.4700;0.5000;0.0000;11.2548;0.4620;-0.0033;0.1222
10.4800;0.5000;0.0000;11.2708;-1.5964;-0.0111;-0.0082
10.4900;0.5000;0.0000;11.2663;0.4435;-0.0021;-0.1636
10.5000;0.5000;0.0000;11.2821;-1.5834;-0.0100;-0.2315
10.5100;0.5000;0.0000;11.2776;0.4351;-0.0012;-0.3469
10.5200;0.5000;0.0000;11.2932;-1.5683;-0.0092;-0.3742
10.5300;0.5000;0.0000;11.2888;0.4325;-0.0008;-0.4513
10.5400;0.5000;0.0000;11.3042;-1.5515;-0.0085;-0.4542
10.5500;0.5000;0.0000;11.2997;0.4354;-0.0004;-0.5088
10.5600;0.5000;0.0000;11.3149;-1.5350;-0.0079;-0.4914
10.5700;0.5000;0.0000;11.3104;0.4401;-0.0000;-0.5277
10.5800;0.5000;0.0000;11.3255;-1.5329;-0.0093;-0.6863
10.5900;0.5000;0.0000;11.3229;0.2202;-0.0205;-1.6886
10.6000;0.5000;0.0000;11.3361;-1.3513;-0.0422;-1.8554
10.6100;0.5000;0.0000;11.3352;0.0599;-0.0203;-1.5373
10.6200;0.5000;0.0000;11.3490;-1.4062;-0.0156;-1.4527
10.6300;0.5000;0.0000;11.3469;0.1849;-0.0027;-1.1845
10.6400;0.5000;0.0000;11.3613;-1.4621;-0.0054;-1.1441
10.6500;0.5000;0.0000;11.3584;0.2762;0.0038;-0.9157
10.6600;0.5000;0.0000;11.3732;-1.4881;-0.0021;-0.9045
10.6700;0.5000;0.0000;11.3697;0.3390;0.0056;-0.7022
10.6800;0.5000;0.0000;11.3846;-1.4974;-0.0018;-0.7237
10.6900;0.5000;0.0000;11.3807;0.3813;0.0058;-0.5434
10.7000;0.5000;0.0000;11.3956;-1.4984;-0.0022;-0.5795
10.7100;0.5000;0.0000;11.3915;0.4107;0.0054;-0.4176
10.7200;0.5000;0.0000;11.4064;-1.4961;-0.0028;-0.4694
10.7300;0.5000;0.0000;11.4020;0.4304;0.0045;-0.3200
10.7400;0.5000;0.0000;11.4169;-1.4908;-0.0036;-0.3783
10.7500;0.5000;0.0000;11.4124;0.4444;0.0038;-0.2441
10.7600;0.5000;0.0000;11.4272;-1.4849;-0.0043;-0.3172
10.7700;0.5000;0.0000;11.4227;0.4539;0.0032;-0.1813
10.7800;0.5000;0.0000;11.4374;-1.4785;-0.0049;-0.2641
10.7900;0.5000;0.0000;11.4328;0.4602;0.0026;-0.1354
10.8000;0.5000;0.0000;11.4475;-1.4722;-0.0054;-0.2221
10.8100;0.5000;0.0000;11.4428;0.4782;0.0019;-0.0397
10.8200;0.5000;0.0000;11.4575;-1.4779;-0.0131;-0.0147
10.8300;0.5000;0.0000;11.4524;0.5102;-0.0016;0.0652
10.8400;0.5000;0.0000;11.4671;-1.4701;-0.0084;-0.0331
10.8500;0.5000;0.0000;11.4616;0.5458;-0.0005;-0.6008
10.8600;0.5000;0.0000;11.4786;-1.7015;-0.0408;-1.0402
10.8700;0.5000;0.0000;11.4723;0.6196;-0.0163;-0.9025
10.8800;0.5000;0.0000;11.4887;-1.6477;-0.0162;-0.7490
10.8900;0.5000;0.0000;11.4833;0.5351;-0.0016;-0.6503
10.9000;0.5000;0.0000;11.4988;-1.5495;-0.0067;-0.5336
10.9100;0.5000;0.0000;11.4939;0.4874;0.0037;-0.4685
10.9200;0.5000;0.0000;11.5088;-1.4932;-0.0035;-0.3752
10.9300;0.5000;0.0000;11.5042;0.4643;0.0047;-0.3298
10.9400;0.5000;0.0000;11.5188;-1.4610;-0.0029;-0.2562
10.9500;0.5000;0.0000;11.5142;0.4529;0.0050;-0.2299
10.9600;0.5000;0.0000;11.5286;-1.4424;-0.0030;-0.1723
10.9700;0.5000;0.0000;11.5242;0.4465;0.0044;-0.1553
10.9800;0.5000;0.0000;11.5385;-1.4309;-0.0033;-0.1099
10.9900;0.5000;0.0000;11.5340;0.4432;0.0037;-0.1040
11.0000;0.5000;0.0000;11.5483;-1.4235;-0.0040;-0.0632
11.0100;0.5000;0.0000;11.5439;0.4408;0.0033;-0.0649
11.0200;0.5000;0.0000;11.5580;-1.4184;-0.0043;-0.0321
11.0300;0.5000;0.0000;11.5537;0.4389;0.0030;-0.0408
11.0400;0.5000;0.0000;11.5678;-1.4146;-0.0048;-0.0106
11.0500;0.5000;0.0000;11.5634;0.4371;0.0027;-0.0193
11.0600;0.5000;0.0000;11.5775;-1.4112;-0.0051;0.0028
11.0700;0.5000;0.0000;11.5732;0.4334;0.0023;0.0357
11.0800;0.5000;0.0000;11.5871;-1.3878;-0.0104;0.1290
11.0900;0.5000;0.0000;11.5829;0.4221;-0.0010;0.1188
11.1000;0.5000;0.0000;11.5967;-1.3836;-0.0069;0.1079
11.1100;0.5000;0.0000;11.5924;0.4272;0.0013;0.0862
11.1200;0.5000;0.0000;11.6063;-1.3892;-0.0053;0.0843
11.1300;0.5000;0.0000;11.6020;0.4304;0.0024;0.0683
11.1400;0.5000;0.0000;11.6160;-1.3917;-0.0049;0.0655
11.1500;0.5000;0.0000;11.6116;0.4314;0.0027;0.0529
11.1600;0.5000;0.0000;11.6256;-1.3914;-0.0051;0.0540
11.1700;0.5000;0.0000;11.6212;0.4313;0.0025;0.0403
11.1800;0.5000;0.0000;11.6351;-1.3894;-0.0050;0.0412
11.1900;0.5000;0.0000;11.6308;0.4305;0.0024;0.0317
11.2000;0.5000;0.0000;11.6447;-1.3865;-0.0051;0.0332
11.2100;0.5000;0.0000;11.6404;0.4296;0.0023;0.0240
11.2200;0.5000;0.0000;11.6542;-1.3831;-0.0051;0.0280
11.2300;0.5000;0.0000;11.6500;0.4288;0.0020;0.0200
11.2400;0.5000;0.0000;11.6637;-1.3789;-0.0051;0.0204
11.2500;0.5000;0.0000;11.6595;0.4277;0.0019;0.0155
11.2600;0.5000;0.0000;11.6732;-1.3750;-0.0054;0.0184
11.2700;0.5000;0.0000;11.6690;0.4266;0.0022;0.0089
11.2800;0.5000;0.0000;11.6827;-1.3708;-0.0052;0.0180
11.2900;0.5000;0.0000;11.6784;0.4259;0.0020;0.0095
11.3000;0.5000;0.0000;11.6921;-1.3663;-0.0055;0.0137
11.3100;0.5000;0.0000;11.6878;0.4251;0.0019;0.0082
11.3200;0.5000;0.0000;11.7014;-1.3619;-0.0056;0.0113
11.3300;0.5000;0.0000;11.6972;0.4243;0.0018;0.0037
11.3400;0.5000;0.0000;11.7108;-1.3576;-0.0055;0.0134
11.3500;0.5000;0.0000;11.7065;0.4237;0.0018;0.0020
11.3600;0.5000;0.0000;11.7201;-1.3530;-0.0054;0.0123
11.3700;0.5000;0.0000;11.7158;0.4230;0.0019;0.0020
11.3800;0.5000;0.0000;11.7293;-1.3487;-0.0056;0.0067
11.3900;0.5000;0.0000;11.7251;0.4220;0.0017;0.0026
11.4000;0.5000;0.0000;11.7385;-1.3439;-0.0056;0.0099
11.4100;0.5000;0.0000;11.7343;0.4217;0.0019;0.0015
11.4200;0.5000;0.0000;11.7477;-1.3396;-0.0056;0.0080
11.4300;0.5000;0.0000;11.7435;0.4202;0.0007;-0.0638
11.4400;0.5000;0.0000;11.7569;-1.3384;0.0005;0.1153
11.4500;0.5000;0.0000;11.7525;0.4416;-0.0064;0.0838
11.4600;0.5000;0.0000;11.7658;-1.3355;-0.0205;0.0888
11.4700;0.5000;0.0000;11.7614;0.4401;-0.0179;0.0349
11.4800;0.5000;0.0000;11.7748;-1.3309;-0.0284;0.1698
11.4900;0.5000;0.0000;11.7702;0.4530;-0.0090;0.1208
11.5000;0.5000;0.0000;11.7833;-1.3109;-0.0092;-0.2985
11.5100;0.5000;0.0000;11.7798;0.3498;0.0015;-0.3268
11.5200;0.5000;0.0000;11.7927;-1.2931;-0.0030;-0.2917
11.5300;0.5000;0.0000;11.7892;0.3522;0.0048;-0.2329
11.5400;0.5000;0.0000;11.8022;-1.3032;-0.0013;-0.2080
11.5500;0.5000;0.0000;11.7986;0.3680;0.0056;-0.1619
11.5600;0.5000;0.0000;11.8116;-1.3087;-0.0014;-0.1472
11.5700;0.5000;0.0000;11.8078;0.3800;0.0052;-0.1068
11.5800;0.5000;0.0000;11.8209;-1.3101;-0.0021;-0.1058
11.5900;0.5000;0.0000;11.8170;0.3881;0.0045;-0.0727
11.6000;0.5000;0.0000;11.8301;-1.3088;-0.0029;-0.0726
11.6100;0.5000;0.0000;11.8262;0.3942;0.0039;-0.0442
11.6200;0.5000;0.0000;11.8392;-1.3059;-0.0036;-0.0458
11.6300;0.5000;0.0000;11.8353;0.3973;0.0032;-0.0267
11.6400;0.5000;0.0000;11.8483;-1.3023;-0.0040;-0.0285
11.6500;0.5000;0.0000;11.8443;0.3999;0.0025;-0.0129
11.6600;0.5000;0.0000;11.8573;-1.2983;-0.0044;-0.0195
11.6700;0.5000;0.0000;11.8533;0.4011;0.0022;0.0019
11.6800;0.5000;0.0000;11.8662;-1.2939;-0.0050;-0.0145
11.6900;0.5000;0.0000;11.8623;0.3931;0.0035;-0.0992
11.7000;0.5000;0.0000;11.8750;-1.2762;0.0077;-0.0452
11.7100;0.5000;0.0000;11.8713;0.3748;0.0151;-0.0083
11.7200;0.5000;0.0000;11.8840;-1.2718;0.0059;-0.0345
11.7300;0.5000;0.0000;11.8802;0.3821;0.0124;0.0333
11.7400;0.5000;0.0000;11.8928;-1.2651;0.0064;0.0417
11.7500;0.5000;0.0000;11.8890;0.3827;0.0195;-0.0969
11.7600;0.5000;0.0000;11.9022;-1.3155;0.0163;-0.3998
11.7700;0.5000;0.0000;11.8982;0.3956;0.0136;-0.3504
11.7800;0.5000;0.0000;11.9113;-1.3109;-0.0019;-0.3069
11.7900;0.5000;0.0000;11.9074;0.3850;-0.0000;-0.2417
11.8000;0.5000;0.0000;11.9204;-1.2935;-0.0095;-0.2143
11.8100;0.5000;0.0000;11.9166;0.3805;-0.0040;-0.1643
11.8200;0.5000;0.0000;11.9294;-1.2817;-0.0114;-0.1456
11.8300;0.5000;0.0000;11.9256;0.3798;-0.0043;-0.1096
11.8400;0.5000;0.0000;11.9383;-1.2735;-0.0109;-0.0992
11.8500;0.5000;0.0000;11.9345;0.3801;-0.0033;-0.0665
11.8600;0.5000;0.0000;11.9472;-1.2670;-0.0096;-0.0633
11.8700;0.5000;0.0000;11.9434;0.3806;-0.0021;-0.0363
11.8800;0.5000;0.0000;11.9560;-1.2612;-0.0085;-0.0414
11.8900;0.5000;0.0000;11.9522;0.3810;-0.0009;-0.0152
11.9000;0.5000;0.0000;11.9648;-1.2568;-0.0073;-0.0249
11.9100;0.5000;0.0000;11.9609;0.3811;0.0001;-0.0045
11.9200;0.5000;0.0000;11.9735;-1.2524;-0.0060;-0.0108
11.9300;0.5000;0.0000;11.9697;0.3807;0.0010;0.0096
11.9400;0.5000;0.0000;11.9822;-1.2560;-0.0036;-0.0619
11.9500;0.5000;0.0000;11.9783;0.3871;0.0095;-0.0695
11.9600;0.5000;0.0000;11.9909;-1.2568;0.0102;-0.0635
11.9700;0.5000;0.0000;11.9871;0.3839;0.0195;-0.0413
11.9800;0.5000;0.0000;11.9995;-1.2476;0.0145;-0.0434
11.9900;0.5000;0.0000;11.9957;0.3798;0.0207;-0.0231
12.0000;0.5000;0.0000;12.0081;-1.2402;0.0138;-0.0224
12.0100;0.5000;0.0000;12.0044;0.3790;0.0204;-0.0692
12.0200;0.5000;0.0000;12.0168;-1.2465;0.0063;-0.0919
12.0300;0.5000;0.0000;12.0130;0.3813;0.0046;-0.0731
12.0400;0.5000;0.0000;12.0254;-1.2388;-0.0067;-0.0590
12.0500;0.5000;0.0000;12.0216;0.3767;-0.0029;-0.0462
12.0600;0.5000;0.0000;12.0339;-1.2301;-0.0107;-0.0370
12.0700;0.5000;0.0000;12.0302;0.3736;-0.0046;-0.0290
12.0800;0.5000;0.0000;12.0424;-1.2234;-0.0112;-0.0206
12.0900;0.5000;0.0000;12.0387;0.3715;-0.0043;-0.0149
12.1000;0.5000;0.0000;12.0509;-1.2177;-0.0105;-0.0093
12.1100;0.5000;0.0000;12.0472;0.3699;-0.0034;-0.0056
12.1200;0.5000;0.0000;12.0593;-1.2130;-0.0095;-0.0040
12.1300;0.5000;0.0000;12.0556;0.3688;-0.0027;0.0030
12.1400;0.5000;0.0000;12.0677;-1.2089;-0.0086;0.0032
12.1500;0.5000;0.0000;12.0640;0.3681;-0.0017;0.0068
12.1600;0.5000;0.0000;12.0761;-1.2046;-0.0080;0.0049
12.1700;0.5000;0.0000;12.0724;0.3671;-0.0011;0.0078
12.1800;0.5000;0.0000;12.0844;-1.2006;-0.0070;0.0072
12.1900;0.5000;0.0000;12.0808;0.3661;-0.0004;0.0104
12.2000;0.5000;0.0000;12.0927;-1.1967;-0.0067;0.0103
12.2100;0.5000;0.0000;12.0891;0.3656;-0.0000;0.0094
12.2200;0.5000;0.0000;12.1010;-1.1927;-0.0063;0.0086
12.2300;0.5000;0.0000;12.0974;0.3648;0.0003;0.0077
12.2400;0.5000;0.0000;12.1092;-1.1888;-0.0058;0.0110
12.2500;0.5000;0.0000;12.1056;0.3638;0.0007;0.0107
12.2600;0.5000;0.0000;12.1175;-1.1845;-0.0059;0.0092
12.2700;0.5000;0.0000;12.1138;0.3631;0.0006;0.0067
12.2800;0.5000;0.0000;12.1256;-1.1808;-0.0056;0.0080
12.2900;0.5000;0.0000;12.1220;0.3625;0.0012;0.0084
12.3000;0.5000;0.0000;12.1338;-1.1766;-0.0051;0.0078
12.3100;0.5000;0.0000;12.1302;0.3614;0.0012;0.0082
12.3200;0.5000;0.0000;12.1419;-1.1726;-0.0051;0.0068
12.3300;0.5000;0.0000;12.1383;0.3609;0.0012;0.0060
12.3400;0.5000;0.0000;12.1500;-1.1684;-0.0051;0.0054
12.3500;0.5000;0.0000;12.1464;0.3599;0.0013;0.0055
12.3600;0.5000;0.0000;12.1580;-1.1644;-0.0049;0.0062
12.3700;0.5000;0.0000;12.1544;0.3594;0.0014;0.0069
12.3800;0.5000;0.0000;12.1660;-1.1604;-0.0048;0.0068
12.3900;0.5000;0.0000;12.1624;0.3587;0.0013;0.0032
12.4000;0.5000;0.0000;12.1740;-1.1565;-0.0048;0.0037
12.4100;0.5000;0.0000;12.1704;0.3578;0.0014;0.0089
12.4200;0.5000;0.0000;12.1819;-1.1522;-0.0048;0.0017
12.4300;0.5000;0.0000;12.1783;0.3588;-0.0011;0.0133
12.4400;0.5000;0.0000;12.1898;-1.1489;-0.0078;0.0262
12.4500;0.5000;0.0000;12.1862;0.3605;-0.0037;0.0244
12.4600;0.5000;0.0000;12.1977;-1.1446;-0.0107;0.0210
12.4700;0.5000;0.0000;12.1941;0.3593;-0.0050;0.0156
12.4800;0.5000;0.0000;12.2055;-1.1400;-0.0110;0.0161
12.4900;0.5000;0.0000;12.2019;0.3579;-0.0047;0.0097
12.5000;0.5000;0.0000;12.2133;-1.1356;-0.0103;0.0117
12.5100;0.5000;0.0000;12.2097;0.3569;-0.0041;0.0095
12.5200;0.5000;0.0000;12.2210;-1.1315;-0.0096;0.0089
12.5300;0.5000;0.0000;12.2175;0.3559;-0.0032;0.0053
12.5400;0.5000;0.0000;12.2287;-1.1271;-0.0088;0.0060
12.5500;0.5000;0.0000;12.2252;0.3547;-0.0026;0.0019
12.5600;0.5000;0.0000;12.2364;-1.1233;-0.0081;0.0051
12.5700;0.5000;0.0000;12.2329;0.3541;-0.0021;0.0049
12.5800;0.5000;0.0000;12.2441;-1.1192;-0.0075;0.0038
12.5900;0.5000;0.0000;12.2405;0.3531;-0.0014;0.0002
12.6000;0.5000;0.0000;12.2517;-1.1152;-0.0069;0.0028
12.6100;0.5000;0.0000;12.2482;0.3524;-0.0011;0.0021
12.6200;0.5000;0.0000;12.2593;-1.1113;-0.0067;0.0015
12.6300;0.5000;0.0000;12.2558;0.3518;-0.0008;0.0004
12.6400;0.5000;0.0000;12.2668;-1.1073;-0.0066;0.0003
12.6500;0.5000;0.0000;12.2633;0.3510;-0.0007;-0.0016
12.6600;0.5000;0.0000;12.2744;-1.1033;-0.0063;0.0008
12.6700;0.5000;0.0000;12.2709;0.3503;-0.0005;-0.0046
12.6800;0.5000;0.0000;12.2818;-1.0983;-0.0080;0.0180
12.6900;0.5000;0.0000;12.2783;0.3491;-0.0032;0.0163
12.7000;0.5000;0.0000;12.2893;-1.0937;-0.0103;0.0138
12.7100;0.5000;0.0000;12.2858;0.3488;-0.0049;0.0140
12.7200;0.5000;0.0000;12.2967;-1.0905;-0.0105;0.0076
12.7300;0.5000;0.0000;12.2932;0.3489;-0.0045;0.0101
12.7400;0.5000;0.0000;12.3041;-1.0875;-0.0097;0.0042
12.7500;0.5000;0.0000;12.3006;0.3488;-0.0034;0.0070
12.7600;0.5000;0.0000;12.3114;-1.0838;-0.0090;0.0037
12.7700;0.5000;0.0000;12.3079;0.3486;-0.0025;0.0038
12.7800;0.5000;0.0000;12.3188;-1.0804;-0.0105;0.0247
12.7900;0.5000;0.0000;12.3152;0.3518;-0.0017;0.0245
12.8000;0.5000;0.0000;12.3260;-1.0770;-0.0054;0.0217
12.8100;0.5000;0.0000;12.3225;0.3511;0.0018;0.0152
12.8200;0.5000;0.0000;12.3332;-1.0727;-0.0035;0.0146
12.8300;0.5000;0.0000;12.3297;0.3505;0.0027;0.0149
12.8400;0.5000;0.0000;12.3404;-1.0687;-0.0030;0.0068
12.8500;0.5000;0.0000;12.3369;0.3495;0.0027;0.0080
12.8600;0.5000;0.0000;12.3476;-1.0646;-0.0033;0.0052
12.8700;0.5000;0.0000;12.3441;0.3487;0.0024;0.0045
12.8800;0.5000;0.0000;12.3547;-1.0611;-0.0036;0.0042
12.8900;0.5000;0.0000;12.3512;0.3482;0.0022;0.0034
12.9000;0.5000;0.0000;12.3618;-1.0572;-0.0038;0.0028
12.9100;0.5000;0.0000;12.3583;0.3475;0.0018;0.0008
12.9200;0.5000;0.0000;12.3688;-1.0535;-0.0042;-0.0011
12.9300;0.5000;0.0000;12.3654;0.3469;0.0015;0.0003
12.9400;0.5000;0.0000;12.3759;-1.0500;-0.0044;-0.0020
12.9500;0.5000;0.0000;12.3724;0.3467;0.0012;0.0022
12.9600;0.5000;0.0000;12.3829;-1.0463;-0.0048;-0.0009
12.9700;0.5000;0.0000;12.3794;0.3461;0.0011;-0.0029
12.9800;0.5000;0.0000;12.3898;-1.0428;-0.0048;0.0001
12.9900;0.5000;0.0000;12.3864;0.3457;0.0008;-0.0005
13.0000;0.5000;0.0000;12.3968;-1.0393;-0.0050;0.0023
13.0100;0.5000;0.0000;12.3933;0.3451;0.0007;-0.0007
13.0200;0.5000;0.0000;12.4037;-1.0346;-0.0070;0.0106
13.0300;0.5000;0.0000;12.4002;0.3443;-0.0000;0.0161
13.0400;0.5000;0.0000;12.4105;-1.0305;-0.0041;0.0126
13.0500;0.5000;0.0000;12.4071;0.3440;0.0024;0.0100
13.0600;0.5000;0.0000;12.4174;-1.0279;-0.0028;0.0101
13.0700;0.5000;0.0000;12.4139;0.3441;0.0031;0.0080
13.0800;0.5000;0.0000;12.4242;-1.0248;-0.0026;0.0057
13.0900;0.5000;0.0000;12.4207;0.3439;0.0030;0.0062
13.1000;0.5000;0.0000;12.4309;-1.0217;-0.0027;0.0028
13.1100;0.5000;0.0000;12.4275;0.3437;0.0028;0.0040
13.1200;0.5000;0.0000;12.4377;-1.0184;-0.0030;0.0027
13.1300;0.5000;0.0000;12.4343;0.3432;0.0023;0.0004
13.1400;0.5000;0.0000;12.4444;-1.0152;-0.0033;-0.0004
13.1500;0.5000;0.0000;12.4410;0.3428;0.0023;0.0026
13.1600;0.5000;0.0000;12.4511;-1.0118;-0.0034;-0.0001
13.1700;0.5000;0.0000;12.4477;0.3427;0.0019;0.0001
13.1800;0.5000;0.0000;12.4578;-1.0083;-0.0038;-0.0006
13.1900;0.5000;0.0000;12.4543;0.3422;0.0018;-0.0009
13.2000;0.5000;0.0000;12.4644;-1.0049;-0.0036;0.0011
13.2100;0.5000;0.0000;12.4610;0.3418;0.0016;-0.0007
13.2200;0.5000;0.0000;12.4710;-1.0017;-0.0039;-0.0006
13.2300;0.5000;0.0000;12.4676;0.3415;0.0015;-0.0001
13.2400;0.5000;0.0000;12.4775;-0.9983;-0.0039;-0.0023
13.2500;0.5000;0.0000;12.4741;0.3409;0.0015;-0.0012
13.2600;0.5000;0.0000;12.4841;-0.9951;-0.0041;-0.0002
13.2700;0.5000;0.0000;12.4807;0.3407;0.0016;0.0016
13.2800;0.5000;0.0000;12.4906;-0.9916;-0.0039;-0.0013
13.2900;0.5000;0.0000;12.4872;0.3405;0.0012;-0.0014
13.3000;0.5000;0.0000;12.4971;-0.9884;-0.0041;0.0027
13.3100;0.5000;0.0000;12.4937;0.3400;0.0015;-0.0026
13.3200;0.5000;0.0000;12.5035;-0.9851;-0.0042;0.0013
13.3300;0.5000;0.0000;12.5001;0.3396;0.0015;-0.0010
13.3400;0.5000;0.0000;12.5100;-0.9818;-0.0040;0.0004
13.3500;0.5000;0.0000;12.5066;0.3391;0.0012;0.0013
13.3600;0.5000;0.0000;12.5163;-0.9787;-0.0040;-0.0007
13.3700;0.5000;0.0000;12.5130;0.3387;0.0014;-0.0008
13.3800;0.5000;0.0000;12.5227;-0.9753;-0.0041;0.0019
13.3900;0.5000;0.0000;12.5193;0.3384;0.0015;-0.0037
13.4000;0.5000;0.0000;12.5290;-0.9722;-0.0040;-0.0008
13.4100;0.5000;0.0000;12.5257;0.3381;0.0015;-0.0005
13.4200;0.5000;0.0000;12.5354;-0.9687;-0.0040;0.0002
13.4300;0.5000;0.0000;12.5320;0.3376;0.0012;-0.0007
13.4400;0.5000;0.0000;12.5416;-0.9657;-0.0039;0.0001
13.4500;0.5000;0.0000;12.5383;0.3373;0.0012;-0.0011
13.4600;0.5000;0.0000;12.5479;-0.9624;-0.0041;0.0003
13.4700;0.5000;0.0000;12.5445;0.3368;0.0014;-0.0021
13.4800;0.5000;0.0000;12.5541;-0.9594;-0.0039;0.0017
13.4900;0.5000;0.0000;12.5507;0.3365;0.0012;-0.0022
13.5000;0.5000;0.0000;12.5603;-0.9563;-0.0039;-0.0001
13.5100;0.5000;0.0000;12.5570;0.3361;0.0014;-0.0019
13.5200;0.5000;0.0000;12.5665;-0.9530;-0.0039;-0.0008
13.5300;0.5000;0.0000;12.5631;0.3357;0.0012;0.0000
13.5400;0.5000;0.0000;12.5726;-0.9500;-0.0040;-0.0011
13.5500;0.5000;0.0000;12.5693;0.3353;0.0012;0.0017
13.5600;0.5000;0.0000;12.5787;-0.9467;-0.0038;-0.0002
13.5700;0.5000;0.0000;12.5754;0.3348;0.0015;-0.0009
13.5800;0.5000;0.0000;12.5848;-0.9439;-0.0039;-0.0015
13.5900;0.5000;0.0000;12.5815;0.3345;0.0012;0.0017
13.6000;0.5000;0.0000;12.5909;-0.9405;-0.0039;-0.0019
13.6100;0.5000;0.0000;12.5875;0.3341;0.0015;0.0021
13.6200;0.5000;0.0000;12.5969;-0.9375;-0.0040;-0.0014
13.6300;0.5000;0.0000;12.5936;0.3337;0.0014;0.0021
13.6400;0.5000;0.0000;12.6029;-0.9346;-0.0038;-0.0001
13.6500;0.5000;0.0000;12.5996;0.3335;0.0012;-0.0008
13.6600;0.5000;0.0000;12.6089;-0.9314;-0.0037;-0.0019
13.6700;0.5000;0.0000;12.6056;0.3330;0.0014;0.0013
13.6800;0.5000;0.0000;12.6149;-0.9284;-0.0037;0.0022
13.6900;0.5000;0.0000;12.6115;0.3326;0.0012;-0.0010
13.7000;0.5000;0.0000;12.6208;-0.9254;-0.0039;-0.0007
13.7100;0.5000;0.0000;12.6175;0.3323;0.0014;0.0001
