step_idx,wall_time_s,speed_meas,speed_sp,dist_to_veh,platoon_sp,local_setpoint_base
0,1768568022.625611305,0.039200,30.000000,0.000000,30.000000,0.000000
1,1768568022.696394205,0.101920,30.000000,0.000000,30.000000,0.000000
2,1768568022.722721815,0.101920,30.000000,0.000000,30.000000,0.000000
3,1768568022.733702183,0.101920,30.000000,0.000000,30.000000,0.000000
4,1768568022.743254662,0.354431,30.000000,0.000000,30.000000,0.000000
5,1768568022.760701656,0.447858,30.000000,0.000000,30.000000,0.000000
6,1768568022.783415318,0.543115,30.000000,0.000000,30.000000,0.000000
7,1768568022.820461988,0.639469,30.000000,0.000000,30.000000,0.000000
8,1768568022.845968008,0.639469,30.000000,0.000000,30.000000,0.000000
9,1768568022.888450146,0.736481,30.000000,0.000000,30.000000,0.000000
10,1768568022.903436661,0.931533,30.000000,0.000000,30.000000,0.000000
11,1768568022.934721470,1.029320,30.000000,0.000000,30.000000,0.000000
12,1768568022.944162846,1.029320,30.000000,0.000000,30.000000,0.000000
13,1768568022.959191561,1.225115,30.000000,0.000000,30.000000,0.000000
14,1768568022.986254692,1.323069,30.000000,0.000000,30.000000,0.000000
15,1768568023.001399279,1.421042,30.000000,0.000000,30.000000,0.000000
16,1768568023.023038864,1.421042,30.000000,0.000000,30.000000,0.000000
17,1768568023.043634415,1.617015,30.000000,0.000000,30.000000,0.000000
18,1768568023.060693741,1.715009,30.000000,0.000000,30.000000,0.000000
19,1768568023.078966856,1.715009,30.000000,0.000000,30.000000,0.000000
20,1768568023.096558571,1.813006,30.000000,0.000000,30.000000,0.000000
21,1768568023.116796732,1.796327,30.000000,0.000000,30.000000,0.000000
22,1768568023.137344599,1.684075,30.000000,0.000000,30.000000,0.000000
23,1768568023.152367353,1.527030,30.000000,0.000000,30.000000,0.000000
24,1768568023.169305563,1.354240,30.000000,0.000000,30.000000,0.000000
25,1768568023.187168598,1.181867,30.000000,0.000000,30.000000,0.000000
26,1768568023.205736637,1.018479,30.000000,0.000000,30.000000,0.000000
27,1768568023.232198477,0.868208,30.000000,0.000000,30.000000,0.000000
28,1768568023.242459774,0.732635,30.000000,0.000000,30.000000,0.000000
29,1768568023.256137133,0.611911,30.000000,0.000000,30.000000,0.000000
30,1768568023.280308247,0.505415,30.000000,0.000000,30.000000,0.000000
31,1768568023.298208475,0.412140,30.000000,0.000000,30.000000,0.000000
32,1768568023.319252253,0.260557,30.000000,0.000000,30.000000,0.000000
33,1768568023.336588860,0.260557,30.000000,0.000000,30.000000,0.000000
34,1768568023.359390497,0.147817,30.000000,0.000000,30.000000,0.000000
35,1768568023.376729012,0.103347,30.000000,0.000000,30.000000,0.000000
36,1768568023.395992517,0.103347,30.000000,0.000000,30.000000,0.000000
37,1768568023.415006399,0.065563,30.000000,0.000000,30.000000,0.000000
38,1768568023.438108921,0.045028,30.000000,0.000000,30.000000,0.000000
39,1768568023.454878330,0.040340,30.000000,0.000000,30.000000,0.000000
40,1768568023.473611593,0.050832,30.000000,0.000000,30.000000,0.000000
41,1768568023.490636349,0.050832,30.000000,0.000000,30.000000,0.000000
42,1768568023.512520790,0.067055,30.000000,0.000000,30.000000,0.000000
43,1768568023.528140306,0.067055,30.000000,0.000000,30.000000,0.000000
44,1768568023.624811649,0.160367,30.000000,0.000000,30.000000,0.000000
45,1768568023.644198179,0.160367,30.000000,0.000000,30.000000,0.000000
46,1768568023.662779570,0.262974,30.000000,0.000000,30.000000,0.000000
47,1768568023.692618847,0.422506,30.000000,0.000000,30.000000,0.000000
48,1768568023.703826427,0.553647,30.000000,0.000000,30.000000,0.000000
49,1768568023.720989943,0.723873,30.000000,0.000000,30.000000,0.000000
50,1768568023.749860525,0.854647,30.000000,0.000000,30.000000,0.000000
51,1768568023.766145706,1.184397,30.000000,0.000000,30.000000,0.000000
52,1768568023.785947800,1.341819,30.000000,0.000000,30.000000,0.000000
53,1768568023.803160906,1.469356,30.000000,0.000000,30.000000,0.000000
54,1768568023.824763775,1.613343,30.000000,0.000000,30.000000,0.000000
55,1768568023.842762470,1.613343,30.000000,0.000000,30.000000,0.000000
56,1768568023.864228964,1.882335,30.000000,0.000000,30.000000,0.000000
57,1768568023.890188217,2.006566,30.000000,0.000000,30.000000,0.000000
58,1768568023.902331829,2.006566,30.000000,0.000000,30.000000,0.000000
59,1768568023.925967932,2.127317,30.000000,0.000000,30.000000,0.000000
60,1768568023.945055008,2.240501,30.000000,0.000000,30.000000,0.000000
61,1768568023.963782787,2.350782,30.000000,0.000000,30.000000,0.000000
62,1768568023.985612869,2.454821,30.000000,0.000000,30.000000,0.000000
63,1768568024.007397652,2.556471,30.000000,0.000000,30.000000,0.000000
64,1768568024.024550915,2.653269,30.000000,0.000000,30.000000,0.000000
65,1768568024.049044371,2.747923,30.000000,0.000000,30.000000,0.000000
66,1768568024.065290451,2.838981,30.000000,0.000000,30.000000,0.000000
67,1768568024.083458662,2.928039,30.000000,0.000000,30.000000,0.000000
68,1768568024.102039576,3.014509,30.000000,0.000000,30.000000,0.000000
69,1768568024.118108988,3.099185,30.000000,0.000000,30.000000,0.000000
70,1768568024.138503313,3.181989,30.000000,0.000000,30.000000,0.000000
71,1768568024.159475803,3.263291,30.000000,0.000000,30.000000,0.000000
72,1768568024.175031185,3.343194,30.000000,0.000000,30.000000,0.000000
73,1768568024.198186636,3.499493,30.000000,0.000000,30.000000,0.000000
74,1768568024.213113070,3.499493,30.000000,0.000000,30.000000,0.000000
75,1768568024.232979059,3.576130,30.000000,0.000000,30.000000,0.000000
76,1768568024.254923582,3.651893,30.000000,0.000000,30.000000,0.000000
77,1768568024.271671534,3.726865,30.000000,0.000000,30.000000,0.000000
78,1768568024.296475649,3.801133,30.000000,0.000000,30.000000,0.000000
79,1768568024.310618877,3.874772,30.000000,0.000000,30.000000,0.000000
80,1768568024.340873003,3.947846,30.000000,0.000000,30.000000,0.000000
81,1768568024.361816645,4.020411,30.000000,0.000000,30.000000,0.000000
82,1768568024.383301497,4.164215,30.000000,0.000000,30.000000,0.000000
83,1768568024.401396275,4.235538,30.000000,0.000000,30.000000,0.000000
84,1768568024.423355103,4.235538,30.000000,0.000000,30.000000,0.000000
85,1768568024.452668905,4.377185,30.000000,0.000000,30.000000,0.000000
86,1768568024.472148657,4.377185,30.000000,0.000000,30.000000,0.000000
87,1768568024.495812416,4.447569,30.000000,0.000000,30.000000,0.000000
88,1768568024.514611244,4.517696,30.000000,0.000000,30.000000,0.000000
89,1768568024.535424232,4.587581,30.000000,0.000000,30.000000,0.000000
90,1768568024.557073355,4.657244,30.000000,0.000000,30.000000,0.000000
91,1768568024.574086428,4.796005,30.000000,0.000000,30.000000,0.000000
92,1768568024.595997095,4.796005,30.000000,0.000000,30.000000,0.000000
93,1768568024.611193895,4.865141,30.000000,0.000000,30.000000,0.000000
94,1768568024.632067204,4.934133,30.000000,0.000000,30.000000,0.000000
95,1768568024.649023533,5.003438,30.000000,0.000000,30.000000,0.000000
96,1768568024.672536135,5.140806,30.000000,0.000000,30.000000,0.000000
97,1768568024.685595036,5.140806,30.000000,0.000000,30.000000,0.000000
98,1768568024.700495481,5.209258,30.000000,0.000000,30.000000,0.000000
99,1768568024.724198580,5.346300,30.000000,0.000000,30.000000,0.000000
100,1768568024.740128040,5.346300,30.000000,0.000000,30.000000,0.000000
101,1768568024.762082338,5.456027,30.000000,0.000000,30.000000,0.000000
102,1768568024.780634165,5.473881,30.000000,0.000000,30.000000,0.000000
103,1768568024.802744865,5.497072,30.000000,0.000000,30.000000,0.000000
104,1768568024.818759918,5.518318,30.000000,0.000000,30.000000,0.000000
105,1768568024.839956522,5.518318,30.000000,0.000000,30.000000,0.000000
106,1768568024.858670473,5.551579,30.000000,0.000000,30.000000,0.000000
107,1768568024.880187273,5.570110,30.000000,0.000000,30.000000,0.000000
108,1768568024.904009581,5.602544,30.000000,0.000000,30.000000,0.000000
109,1768568024.921470642,5.629702,30.000000,0.000000,30.000000,0.000000
110,1768568024.941038132,5.671340,30.000000,0.000000,30.000000,0.000000
111,1768568024.960304022,5.701643,30.000000,0.000000,30.000000,0.000000
112,1768568024.981297970,5.745905,30.000000,0.000000,30.000000,0.000000
113,1768568024.998190641,5.782831,30.000000,0.000000,30.000000,0.000000
114,1768568025.017584324,5.834623,30.000000,0.000000,30.000000,0.000000
115,1768568025.034510374,5.875693,30.000000,0.000000,30.000000,0.000000
116,1768568025.054531574,5.930293,30.000000,0.000000,30.000000,0.000000
117,1768568025.079513550,5.975911,30.000000,0.000000,30.000000,0.000000
118,1768568025.095078945,6.036613,30.000000,0.000000,30.000000,0.000000
119,1768568025.115285635,6.086312,30.000000,0.000000,30.000000,0.000000
120,1768568025.133586645,6.151491,30.000000,0.000000,30.000000,0.000000
121,1768568025.154593229,6.275961,30.000000,0.000000,30.000000,0.000000
122,1768568025.173015356,6.275961,30.000000,0.000000,30.000000,0.000000
123,1768568025.194717407,6.324963,30.000000,0.000000,30.000000,0.000000
124,1768568025.211812258,6.410344,30.000000,0.000000,30.000000,0.000000
125,1768568025.231537342,6.563561,30.000000,0.000000,30.000000,0.000000
126,1768568025.248395443,6.563561,30.000000,0.000000,30.000000,0.000000
127,1768568025.269948244,6.629010,30.000000,0.000000,30.000000,0.000000
128,1768568025.286180258,6.696299,30.000000,0.000000,30.000000,0.000000
129,1768568025.305324078,6.752247,30.000000,0.000000,30.000000,0.000000
130,1768568025.334516048,6.824447,30.000000,0.000000,30.000000,0.000000
131,1768568025.345476389,6.887676,30.000000,0.000000,30.000000,0.000000
132,1768568025.361651182,6.961476,30.000000,0.000000,30.000000,0.000000
133,1768568025.385653019,7.022916,30.000000,0.000000,30.000000,0.000000
134,1768568025.400720835,7.095762,30.000000,0.000000,30.000000,0.000000
135,1768568025.424192905,7.234944,30.000000,0.000000,30.000000,0.000000
136,1768568025.438282728,7.234944,30.000000,0.000000,30.000000,0.000000
137,1768568025.458636284,7.300313,30.000000,0.000000,30.000000,0.000000
138,1768568025.477327585,7.376808,30.000000,0.000000,30.000000,0.000000
139,1768568025.495341539,7.442957,30.000000,0.000000,30.000000,0.000000
140,1768568025.513983727,7.520393,30.000000,0.000000,30.000000,0.000000
141,1768568025.531990528,7.587788,30.000000,0.000000,30.000000,0.000000
142,1768568025.551676989,7.666265,30.000000,0.000000,30.000000,0.000000
143,1768568025.568500757,7.734739,30.000000,0.000000,30.000000,0.000000
144,1768568025.590683937,7.814122,30.000000,0.000000,30.000000,0.000000
145,1768568025.606536388,7.883471,30.000000,0.000000,30.000000,0.000000
146,1768568025.625565529,7.963550,30.000000,0.000000,30.000000,0.000000
147,1768568025.646502018,8.033602,30.000000,0.000000,30.000000,0.000000
148,1768568025.661265373,8.114304,30.000000,0.000000,30.000000,0.000000
149,1768568025.683958292,8.184935,30.000000,0.000000,30.000000,0.000000
150,1768568025.698454380,8.266039,30.000000,0.000000,30.000000,0.000000
151,1768568025.721759319,8.337143,30.000000,0.000000,30.000000,0.000000
152,1768568025.740431309,8.418588,30.000000,0.000000,30.000000,0.000000
153,1768568025.757350922,8.490181,30.000000,0.000000,30.000000,0.000000
154,1768568025.777267694,8.571910,30.000000,0.000000,30.000000,0.000000
155,1768568025.801542997,8.644086,30.000000,0.000000,30.000000,0.000000
156,1768568025.821733713,8.726211,30.000000,0.000000,30.000000,0.000000
157,1768568025.838747263,8.799217,30.000000,0.000000,30.000000,0.000000
158,1768568025.863933086,8.881874,30.000000,0.000000,30.000000,0.000000
159,1768568025.896512747,8.956138,30.000000,0.000000,30.000000,0.000000
160,1768568025.906469584,9.039575,30.000000,0.000000,30.000000,0.000000
161,1768568025.922622919,9.200457,30.000000,0.000000,30.000000,0.000000
162,1768568025.947368622,9.200457,30.000000,0.000000,30.000000,0.000000
163,1768568025.974298000,9.279205,30.000000,0.000000,30.000000,0.000000
164,1768568025.989914417,9.279205,30.000000,0.000000,30.000000,0.000000
165,1768568026.013958216,9.442540,30.000000,0.000000,30.000000,0.000000
166,1768568026.030027628,9.524964,30.000000,0.000000,30.000000,0.000000
167,1768568026.063043356,9.603468,30.000000,0.000000,30.000000,0.000000
168,1768568026.073957920,9.683852,30.000000,0.000000,30.000000,0.000000
169,1768568026.092443943,9.761204,30.000000,0.000000,30.000000,0.000000
170,1768568026.117278576,9.839555,30.000000,0.000000,30.000000,0.000000
171,1768568026.134118080,9.915548,30.000000,0.000000,30.000000,0.000000
172,1768568026.151381969,9.992005,30.000000,0.000000,30.000000,0.000000
173,1768568026.173345089,10.066668,30.000000,0.000000,30.000000,0.000000
174,1768568026.189549208,10.141474,30.000000,0.000000,30.000000,0.000000
175,1768568026.211386681,10.214930,30.000000,0.000000,30.000000,0.000000
176,1768568026.230094910,10.288336,30.000000,0.000000,30.000000,0.000000
177,1768568026.251010180,10.360723,30.000000,0.000000,30.000000,0.000000
178,1768568026.267398119,10.432940,30.000000,0.000000,30.000000,0.000000
179,1768568026.292816877,10.504381,30.000000,0.000000,30.000000,0.000000
180,1768568026.310311317,10.575588,30.000000,0.000000,30.000000,0.000000
181,1768568026.329918146,10.646194,30.000000,0.000000,30.000000,0.000000
182,1768568026.352015257,10.716538,30.000000,0.000000,30.000000,0.000000
183,1768568026.368096113,10.786408,30.000000,0.000000,30.000000,0.000000
184,1768568026.388254404,10.856013,30.000000,0.000000,30.000000,0.000000
185,1768568026.405065298,10.925238,30.000000,0.000000,30.000000,0.000000
186,1768568026.426266432,10.994206,30.000000,0.000000,30.000000,0.000000
187,1768568026.442184687,11.062863,30.000000,0.000000,30.000000,0.000000
188,1768568026.462977886,11.131283,30.000000,0.000000,30.000000,0.000000
189,1768568026.475929260,11.199442,30.000000,0.000000,30.000000,0.000000
190,1768568026.491410494,11.267386,30.000000,0.000000,30.000000,0.000000
191,1768568026.518788338,11.335108,30.000000,0.000000,30.000000,0.000000
192,1768568026.532718420,11.402637,30.000000,0.000000,30.000000,0.000000
193,1768568026.554422140,11.469975,30.000000,0.000000,30.000000,0.000000
194,1768568026.572271109,11.537142,30.000000,0.000000,30.000000,0.000000
195,1768568026.591894627,11.604142,30.000000,0.000000,30.000000,0.000000
196,1768568026.610747576,11.670990,30.000000,0.000000,30.000000,0.000000
197,1768568026.625281096,11.670990,30.000000,0.000000,30.000000,0.000000
198,1768568026.646552086,11.804258,30.000000,0.000000,30.000000,0.000000
199,1768568026.662751675,11.870696,30.000000,0.000000,30.000000,0.000000
200,1768568026.686294317,11.937014,30.000000,0.000000,30.000000,0.000000
201,1768568026.708039284,12.003216,30.000000,0.000000,30.000000,0.000000
202,1768568026.723281622,12.069285,30.000000,0.000000,30.000000,0.000000
203,1768568026.745241642,12.135221,30.000000,0.000000,30.000000,0.000000
204,1768568026.761705875,12.201037,30.000000,0.000000,30.000000,0.000000
205,1768568026.782456636,12.266743,30.000000,0.000000,30.000000,0.000000
206,1768568026.801570415,12.332355,30.000000,0.000000,30.000000,0.000000
207,1768568026.825478554,12.397884,30.000000,0.000000,30.000000,0.000000
208,1768568026.848873377,12.463338,30.000000,0.000000,30.000000,0.000000
209,1768568026.864689827,12.528721,30.000000,0.000000,30.000000,0.000000
210,1768568026.889264822,12.594038,30.000000,0.000000,30.000000,0.000000
211,1768568026.906232357,12.659292,30.000000,0.000000,30.000000,0.000000
212,1768568026.933366060,12.724486,30.000000,0.000000,30.000000,0.000000
213,1768568026.947289944,12.789623,30.000000,0.000000,30.000000,0.000000
214,1768568026.971317768,12.854705,30.000000,0.000000,30.000000,0.000000
215,1768568026.987815857,12.919734,30.000000,0.000000,30.000000,0.000000
216,1768568027.009749651,12.984712,30.000000,0.000000,30.000000,0.000000
217,1768568027.035800457,13.049640,30.000000,0.000000,30.000000,0.000000
218,1768568027.053273201,13.114521,30.000000,0.000000,30.000000,0.000000
219,1768568027.077189445,13.179356,30.000000,0.000000,30.000000,0.000000
220,1768568027.094933271,13.244145,30.000000,0.000000,30.000000,0.000000
221,1768568027.124325514,13.308891,30.000000,0.000000,30.000000,0.000000
222,1768568027.150082827,13.373595,30.000000,0.000000,30.000000,0.000000
223,1768568027.167809725,13.438258,30.000000,0.000000,30.000000,0.000000
224,1768568027.198912859,13.502881,30.000000,0.000000,30.000000,0.000000
225,1768568027.218527317,13.567463,30.000000,0.000000,30.000000,0.000000
226,1768568027.240106583,13.632008,30.000000,0.000000,30.000000,0.000000
227,1768568027.259310961,13.696513,30.000000,0.000000,30.000000,0.000000
228,1768568027.281692505,13.760983,30.000000,0.000000,30.000000,0.000000
229,1768568027.299019098,13.825416,30.000000,0.000000,30.000000,0.000000
230,1768568027.323377371,13.889813,30.000000,0.000000,30.000000,0.000000
231,1768568027.344222069,13.954176,30.000000,0.000000,30.000000,0.000000
232,1768568027.362312555,14.018504,30.000000,0.000000,30.000000,0.000000
233,1768568027.384956837,14.147059,30.000000,0.000000,30.000000,0.000000
234,1768568027.400997162,14.147059,30.000000,0.000000,30.000000,0.000000
235,1768568027.440015316,14.211287,30.000000,0.000000,30.000000,0.000000
236,1768568027.456725359,14.275483,30.000000,0.000000,30.000000,0.000000
237,1768568027.475430250,14.339646,30.000000,0.000000,30.000000,0.000000
238,1768568027.492150784,14.403778,30.000000,0.000000,30.000000,0.000000
239,1768568027.514920473,14.467877,30.000000,0.000000,30.000000,0.000000
240,1768568027.536546230,14.531947,30.000000,0.000000,30.000000,0.000000
241,1768568027.554286957,14.595985,30.000000,0.000000,30.000000,0.000000
242,1768568027.578899622,14.659994,30.000000,0.000000,30.000000,0.000000
243,1768568027.595386028,14.723972,30.000000,0.000000,30.000000,0.000000
244,1768568027.616699934,14.787921,30.000000,0.000000,30.000000,0.000000
245,1768568027.635046721,14.851840,30.000000,0.000000,30.000000,0.000000
246,1768568027.657332897,14.915729,30.000000,0.000000,30.000000,0.000000
247,1768568027.669480562,14.979589,30.000000,0.000000,30.000000,0.000000
248,1768568027.688264608,15.043419,30.000000,0.000000,30.000000,0.000000
249,1768568027.717000008,15.107221,30.000000,0.000000,30.000000,0.000000
250,1768568027.738313913,15.170993,30.000000,0.000000,30.000000,0.000000
251,1768568027.830013990,15.234737,30.000000,0.000000,30.000000,0.000000
252,1768568027.857713461,15.298452,30.000000,0.000000,30.000000,0.000000
253,1768568027.871244669,15.362140,30.000000,0.000000,30.000000,0.000000
254,1768568027.892419100,15.425797,30.000000,0.000000,30.000000,0.000000
255,1768568027.911403894,15.489425,30.000000,0.000000,30.000000,0.000000
256,1768568027.938387871,15.553023,30.000000,0.000000,30.000000,0.000000
257,1768568027.953459263,15.616591,30.000000,0.000000,30.000000,0.000000
258,1768568027.976728439,15.680128,30.000000,0.000000,30.000000,0.000000
259,1768568027.994249582,15.743632,30.000000,0.000000,30.000000,0.000000
260,1768568028.012376785,15.807103,30.000000,0.000000,30.000000,0.000000
261,1768568028.035973787,15.870540,30.000000,0.000000,30.000000,0.000000
262,1768568028.052496433,15.933938,30.000000,0.000000,30.000000,0.000000
263,1768568028.074068785,15.997298,30.000000,0.000000,30.000000,0.000000
264,1768568028.093580961,16.060617,30.000000,0.000000,30.000000,0.000000
265,1768568028.111438513,16.123894,30.000000,0.000000,30.000000,0.000000
266,1768568028.129536390,16.187124,30.000000,0.000000,30.000000,0.000000
267,1768568028.153574705,16.250309,30.000000,0.000000,30.000000,0.000000
268,1768568028.169862032,16.313442,30.000000,0.000000,30.000000,0.000000
269,1768568028.193598270,16.376526,30.000000,0.000000,30.000000,0.000000
270,1768568028.209327459,16.439554,30.000000,0.000000,30.000000,0.000000
271,1768568028.231157541,16.502525,30.000000,0.000000,30.000000,0.000000
272,1768568028.248338938,16.565435,30.000000,0.000000,30.000000,0.000000
273,1768568028.266057253,16.628283,30.000000,0.000000,30.000000,0.000000
274,1768568028.286851168,16.691065,30.000000,0.000000,30.000000,0.000000
275,1768568028.300938368,16.753778,30.000000,0.000000,30.000000,0.000000
276,1768568028.321862698,16.816420,30.000000,0.000000,30.000000,0.000000
277,1768568028.339219093,16.878988,30.000000,0.000000,30.000000,0.000000
278,1768568028.362044811,16.941477,30.000000,0.000000,30.000000,0.000000
279,1768568028.377902269,17.003885,30.000000,0.000000,30.000000,0.000000
280,1768568028.405201197,17.066210,30.000000,0.000000,30.000000,0.000000
281,1768568028.423723459,17.128447,30.000000,0.000000,30.000000,0.000000
282,1768568028.442151308,17.190592,30.000000,0.000000,30.000000,0.000000
283,1768568028.463488579,17.252645,30.000000,0.000000,30.000000,0.000000
284,1768568028.480154037,17.314600,30.000000,0.000000,30.000000,0.000000
285,1768568028.501662254,17.376457,30.000000,0.000000,30.000000,0.000000
286,1768568028.545051336,17.438210,30.000000,0.000000,30.000000,0.000000
287,1768568028.603407145,17.499855,30.000000,0.000000,30.000000,0.000000
288,1768568028.634399176,17.561398,30.000000,0.000000,30.000000,0.000000
289,1768568028.657161236,17.622828,30.000000,0.000000,30.000000,0.000000
290,1768568028.672894955,17.684145,30.000000,0.000000,30.000000,0.000000
291,1768568028.690611839,17.745340,30.000000,0.000000,30.000000,0.000000
292,1768568028.707083941,17.806410,30.000000,0.000000,30.000000,0.000000
293,1768568028.728177547,17.867355,30.000000,0.000000,30.000000,0.000000
294,1768568028.744429588,17.928167,30.000000,0.000000,30.000000,0.000000
295,1768568028.765121698,17.988850,30.000000,0.000000,30.000000,0.000000
296,1768568028.779417753,18.049393,30.000000,0.000000,30.000000,0.000000
297,1768568028.799357176,18.109798,30.000000,0.000000,30.000000,0.000000
298,1768568028.815783501,18.170071,30.000000,0.000000,30.000000,0.000000
299,1768568028.833532333,18.230196,30.000000,0.000000,30.000000,0.000000
300,1768568028.850964308,18.290176,30.000000,0.000000,30.000000,0.000000
301,1768568028.869062901,18.350006,30.000000,0.000000,30.000000,0.000000
302,1768568028.886269093,18.409679,30.000000,0.000000,30.000000,0.000000
303,1768568028.902413845,18.469194,30.000000,0.000000,30.000000,0.000000
304,1768568028.925309896,18.528551,30.000000,0.000000,30.000000,0.000000
305,1768568028.938145876,18.587742,30.000000,0.000000,30.000000,0.000000
306,1768568028.955312014,18.646767,30.000000,0.000000,30.000000,0.000000
307,1768568028.985175371,18.705622,30.000000,0.000000,30.000000,0.000000
308,1768568029.000527620,18.764305,30.000000,0.000000,30.000000,0.000000
309,1768568029.028780222,18.822811,30.000000,0.000000,30.000000,0.000000
310,1768568029.042376280,18.881142,30.000000,0.000000,30.000000,0.000000
311,1768568029.067701101,18.939289,30.000000,0.000000,30.000000,0.000000
312,1768568029.081908941,18.997255,30.000000,0.000000,30.000000,0.000000
313,1768568029.105588675,19.055035,30.000000,0.000000,30.000000,0.000000
314,1768568029.121614218,19.112627,30.000000,0.000000,30.000000,0.000000
315,1768568029.144223690,19.170027,30.000000,0.000000,30.000000,0.000000
316,1768568029.158250809,19.227234,30.000000,0.000000,30.000000,0.000000
317,1768568029.181684971,19.284245,30.000000,0.000000,30.000000,0.000000
318,1768568029.212489605,19.341061,30.000000,0.000000,30.000000,0.000000
319,1768568029.224670410,19.397673,30.000000,0.000000,30.000000,0.000000
320,1768568029.251925707,19.454084,30.000000,0.000000,30.000000,0.000000
321,1768568029.266052008,19.510290,30.000000,0.000000,30.000000,0.000000
322,1768568029.288880348,19.566290,30.000000,0.000000,30.000000,0.000000
323,1768568029.303560257,19.622080,30.000000,0.000000,30.000000,0.000000
324,1768568029.321083546,19.677660,30.000000,0.000000,30.000000,0.000000
325,1768568029.352418661,19.733027,30.000000,0.000000,30.000000,0.000000
326,1768568029.367766142,19.788179,30.000000,0.000000,30.000000,0.000000
327,1768568029.389166832,19.843113,30.000000,0.000000,30.000000,0.000000
328,1768568029.405068636,19.897831,30.000000,0.000000,30.000000,0.000000
329,1768568029.424234867,19.952326,30.000000,0.000000,30.000000,0.000000
330,1768568029.447881222,20.006601,30.000000,0.000000,30.000000,0.000000
331,1768568029.460655212,20.060652,30.000000,0.000000,30.000000,0.000000
332,1768568029.488610268,20.114477,30.000000,0.000000,30.000000,0.000000
333,1768568029.512413263,20.168076,30.000000,0.000000,30.000000,0.000000
334,1768568029.530263901,20.221447,30.000000,0.000000,30.000000,0.000000
335,1768568029.546812057,20.274586,30.000000,0.000000,30.000000,0.000000
336,1768568029.566128731,20.327496,30.000000,0.000000,30.000000,0.000000
337,1768568029.590191841,20.380171,30.000000,0.000000,30.000000,0.000000
338,1768568029.604669809,20.432615,30.000000,0.000000,30.000000,0.000000
339,1768568029.633103848,20.484821,30.000000,0.000000,30.000000,0.000000
340,1768568029.645611048,20.536793,30.000000,0.000000,30.000000,0.000000
341,1768568029.662443638,20.588524,30.000000,0.000000,30.000000,0.000000
342,1768568029.690165281,20.640020,30.000000,0.000000,30.000000,0.000000
343,1768568029.704210758,20.691275,30.000000,0.000000,30.000000,0.000000
344,1768568029.724766254,20.742290,30.000000,0.000000,30.000000,0.000000
345,1768568029.741755962,20.793064,30.000000,0.000000,30.000000,0.000000
346,1768568029.760307789,20.843596,30.000000,0.000000,30.000000,0.000000
347,1768568029.781464577,20.893892,30.000000,0.000000,30.000000,0.000000
348,1768568029.799309015,20.943953,30.000000,0.000000,30.000000,0.000000
349,1768568029.818016052,20.993767,30.000000,0.000000,30.000000,0.000000
350,1768568029.839192629,21.043341,30.000000,0.000000,30.000000,0.000000
351,1768568029.858891249,21.092667,30.000000,0.000000,30.000000,0.000000
352,1768568029.878748894,21.141748,30.000000,0.000000,30.000000,0.000000
353,1768568029.898218393,21.190582,30.000000,0.000000,30.000000,0.000000
354,1768568029.917834044,21.239166,30.000000,0.000000,30.000000,0.000000
355,1768568029.940488815,21.287502,30.000000,0.000000,30.000000,0.000000
356,1768568029.964551926,21.335590,30.000000,0.000000,30.000000,0.000000
357,1768568029.986768723,21.383427,30.000000,0.000000,30.000000,0.000000
358,1768568030.003829718,21.431015,30.000000,0.000000,30.000000,0.000000
359,1768568030.025297880,21.478354,30.000000,0.000000,30.000000,0.000000
360,1768568030.045923948,21.525440,30.000000,0.000000,30.000000,0.000000
361,1768568030.074978828,21.572277,30.000000,0.000000,30.000000,0.000000
362,1768568030.091424942,21.618862,30.000000,0.000000,30.000000,0.000000
363,1768568030.117779255,21.665195,30.000000,0.000000,30.000000,0.000000
364,1768568030.133517504,21.665195,30.000000,0.000000,30.000000,0.000000
365,1768568030.165055990,21.757114,30.000000,0.000000,30.000000,0.000000
366,1768568030.175874472,21.802698,30.000000,0.000000,30.000000,0.000000
367,1768568030.213002920,21.848040,30.000000,0.000000,30.000000,0.000000
368,1768568030.228931427,21.848040,30.000000,0.000000,30.000000,0.000000
369,1768568030.257883310,21.938053,30.000000,0.000000,30.000000,0.000000
370,1768568030.272562981,21.982750,30.000000,0.000000,30.000000,0.000000
371,1768568030.300918341,22.027216,30.000000,0.000000,30.000000,0.000000
372,1768568030.323991060,22.071444,30.000000,0.000000,30.000000,0.000000
373,1768568030.349641800,22.115425,30.000000,0.000000,30.000000,0.000000
374,1768568030.373276234,22.159157,30.000000,0.000000,30.000000,0.000000
375,1768568030.391940117,22.202635,30.000000,0.000000,30.000000,0.000000
376,1768568030.419696808,22.245863,30.000000,0.000000,30.000000,0.000000
377,1768568030.438159466,22.288837,30.000000,0.000000,30.000000,0.000000
378,1768568030.460439920,22.331560,30.000000,0.000000,30.000000,0.000000
379,1768568030.482843637,22.374027,30.000000,0.000000,30.000000,0.000000
380,1768568030.512735128,22.416246,30.000000,0.000000,30.000000,0.000000
381,1768568030.539494038,22.458214,30.000000,0.000000,30.000000,0.000000
382,1768568030.565900564,22.499931,30.000000,0.000000,30.000000,0.000000
383,1768568030.585218906,22.541397,30.000000,0.000000,30.000000,0.000000
384,1768568030.609222651,22.582615,30.000000,0.000000,30.000000,0.000000
385,1768568030.629958868,22.623587,30.000000,0.000000,30.000000,0.000000
386,1768568030.657157421,22.664312,30.000000,0.000000,30.000000,0.000000
387,1768568030.676430702,22.704790,30.000000,0.000000,30.000000,0.000000
388,1768568030.704005241,22.745026,30.000000,0.000000,30.000000,0.000000
389,1768568030.724713087,22.785015,30.000000,0.000000,30.000000,0.000000
390,1768568030.750348091,22.824766,30.000000,0.000000,30.000000,0.000000
391,1768568030.773026466,22.864273,30.000000,0.000000,30.000000,0.000000
392,1768568030.798501492,22.903540,30.000000,0.000000,30.000000,0.000000
393,1768568030.820999861,22.942568,30.000000,0.000000,30.000000,0.000000
394,1768568030.844389915,22.981359,30.000000,0.000000,30.000000,0.000000
395,1768568030.865830421,23.019911,30.000000,0.000000,30.000000,0.000000
396,1768568030.892190695,23.058231,30.000000,0.000000,30.000000,0.000000
397,1768568030.914449930,23.096315,30.000000,0.000000,30.000000,0.000000
398,1768568030.939580202,23.134167,30.000000,0.000000,30.000000,0.000000
399,1768568030.977955580,23.134167,30.000000,0.000000,30.000000,0.000000
400,1768568031.017264128,23.209169,30.000000,0.000000,30.000000,0.000000
401,1768568031.039479017,23.246325,30.000000,0.000000,30.000000,0.000000
402,1768568031.073320150,23.246325,30.000000,0.000000,30.000000,0.000000
403,1768568031.093312740,23.319969,30.000000,0.000000,30.000000,0.000000
404,1768568031.127282858,23.319969,30.000000,0.000000,30.000000,0.000000
405,1768568031.142387390,23.392817,30.000000,0.000000,30.000000,0.000000
406,1768568031.162761450,23.392817,30.000000,0.000000,30.000000,0.000000
407,1768568031.187219620,23.466000,30.000000,0.000000,30.000000,0.000000
408,1768568031.208734512,23.503534,30.000000,0.000000,30.000000,0.000000
409,1768568031.230675459,23.541948,30.000000,0.000000,30.000000,0.000000
410,1768568031.270926952,23.581308,30.000000,0.000000,30.000000,0.000000
411,1768568031.284938097,23.621626,30.000000,0.000000,30.000000,0.000000
412,1768568031.311432123,23.662884,30.000000,0.000000,30.000000,0.000000
413,1768568031.332016468,23.705067,30.000000,0.000000,30.000000,0.000000
414,1768568031.356044769,23.748140,30.000000,0.000000,30.000000,0.000000
415,1768568031.380347967,23.792068,30.000000,0.000000,30.000000,0.000000
416,1768568031.404257298,23.836811,30.000000,0.000000,30.000000,0.000000
417,1768568031.426316023,23.882324,30.000000,0.000000,30.000000,0.000000
418,1768568031.461912632,23.928566,30.000000,0.000000,30.000000,0.000000
419,1768568031.479487181,23.975498,30.000000,0.000000,30.000000,0.000000
420,1768568031.503753185,24.023081,30.000000,0.000000,30.000000,0.000000
421,1768568031.539633512,24.071280,30.000000,0.000000,30.000000,0.000000
422,1768568031.550300598,24.071280,30.000000,0.000000,30.000000,0.000000
423,1768568031.574893475,24.169382,30.000000,0.000000,30.000000,0.000000
424,1768568031.593118668,24.169382,30.000000,0.000000,30.000000,0.000000
425,1768568031.619728565,24.269554,30.000000,0.000000,30.000000,0.000000
426,1768568031.633715868,24.320343,30.000000,0.000000,30.000000,0.000000
427,1768568031.655996561,24.371567,30.000000,0.000000,30.000000,0.000000
428,1768568031.673731089,24.371567,30.000000,0.000000,30.000000,0.000000
429,1768568031.693689346,24.475218,30.000000,0.000000,30.000000,0.000000
430,1768568031.710486412,24.527597,30.000000,0.000000,30.000000,0.000000
431,1768568031.734802961,24.580280,30.000000,0.000000,30.000000,0.000000
432,1768568031.752113819,24.633219,30.000000,0.000000,30.000000,0.000000
433,1768568031.771908283,24.686377,30.000000,0.000000,30.000000,0.000000
434,1768568031.793847084,24.739729,30.000000,0.000000,30.000000,0.000000
435,1768568031.808547497,24.793240,30.000000,0.000000,30.000000,0.000000
436,1768568031.835713148,24.846891,30.000000,0.000000,30.000000,0.000000
437,1768568031.849991083,24.900658,30.000000,0.000000,30.000000,0.000000
438,1768568031.875447989,24.954515,30.000000,0.000000,30.000000,0.000000
439,1768568031.889431715,25.008440,30.000000,0.000000,30.000000,0.000000
440,1768568031.914600849,25.062414,30.000000,0.000000,30.000000,0.000000
441,1768568031.928967476,25.116409,30.000000,0.000000,30.000000,0.000000
442,1768568031.949511051,25.170408,30.000000,0.000000,30.000000,0.000000
443,1768568031.981953144,25.224386,30.000000,0.000000,30.000000,0.000000
444,1768568031.996595860,25.278326,30.000000,0.000000,30.000000,0.000000
445,1768568032.018499613,25.332201,30.000000,0.000000,30.000000,0.000000
446,1768568032.040751696,25.385994,30.000000,0.000000,30.000000,0.000000
447,1768568032.056881666,25.439678,30.000000,0.000000,30.000000,0.000000
448,1768568032.080405951,25.493240,30.000000,0.000000,30.000000,0.000000
449,1768568032.097904444,25.546654,30.000000,0.000000,30.000000,0.000000
450,1768568032.119758606,25.599903,30.000000,0.000000,30.000000,0.000000
451,1768568032.138717175,25.652964,30.000000,0.000000,30.000000,0.000000
452,1768568032.162640572,25.705822,30.000000,0.000000,30.000000,0.000000
453,1768568032.176748037,25.758451,30.000000,0.000000,30.000000,0.000000
454,1768568032.201606750,25.810841,30.000000,0.000000,30.000000,0.000000
455,1768568032.216443777,25.862963,30.000000,0.000000,30.000000,0.000000
456,1768568032.245610476,25.914806,30.000000,0.000000,30.000000,0.000000
457,1768568032.259264708,25.966349,30.000000,0.000000,30.000000,0.000000
458,1768568032.280713797,26.017580,30.000000,0.000000,30.000000,0.000000
459,1768568032.297386646,26.068474,30.000000,0.000000,30.000000,0.000000
460,1768568032.317460299,26.119020,30.000000,0.000000,30.000000,0.000000
461,1768568032.334517479,26.169197,30.000000,0.000000,30.000000,0.000000
462,1768568032.357834816,26.218998,30.000000,0.000000,30.000000,0.000000
463,1768568032.374338627,26.268396,30.000000,0.000000,30.000000,0.000000
464,1768568032.393065691,26.317375,30.000000,0.000000,30.000000,0.000000
465,1768568032.414193869,26.365932,30.000000,0.000000,30.000000,0.000000
466,1768568032.430123091,26.414043,30.000000,0.000000,30.000000,0.000000
467,1768568032.455498934,26.461708,30.000000,0.000000,30.000000,0.000000
468,1768568032.471822262,26.508902,30.000000,0.000000,30.000000,0.000000
469,1768568032.493576288,26.555624,30.000000,0.000000,30.000000,0.000000
470,1768568032.508145809,26.601881,30.000000,0.000000,30.000000,0.000000
471,1768568032.530906677,26.647644,30.000000,0.000000,30.000000,0.000000
472,1768568032.548947573,26.692911,30.000000,0.000000,30.000000,0.000000
473,1768568032.568641901,26.737658,30.000000,0.000000,30.000000,0.000000
474,1768568032.592537880,26.781879,30.000000,0.000000,30.000000,0.000000
475,1768568032.607226372,26.825563,30.000000,0.000000,30.000000,0.000000
476,1768568032.627486944,26.868704,30.000000,0.000000,30.000000,0.000000
477,1768568032.647614002,26.911291,30.000000,0.000000,30.000000,0.000000
478,1768568032.663854361,26.953321,30.000000,0.000000,30.000000,0.000000
479,1768568032.681936502,26.994781,30.000000,0.000000,30.000000,0.000000
480,1768568032.700337410,27.035673,30.000000,0.000000,30.000000,0.000000
481,1768568032.715916395,27.075985,30.000000,0.000000,30.000000,0.000000
482,1768568032.736731291,27.115719,30.000000,0.000000,30.000000,0.000000
483,1768568032.757874966,27.154867,30.000000,0.000000,30.000000,0.000000
484,1768568032.773946762,27.193430,30.000000,0.000000,30.000000,0.000000
485,1768568032.799440384,27.231398,30.000000,0.000000,30.000000,0.000000
486,1768568032.822415590,27.268776,30.000000,0.000000,30.000000,0.000000
487,1768568032.843005657,27.305555,30.000000,0.000000,30.000000,0.000000
488,1768568032.866367817,27.341742,30.000000,0.000000,30.000000,0.000000
489,1768568032.890098095,27.377352,30.000000,0.000000,30.000000,0.000000
490,1768568032.903250217,27.412371,30.000000,0.000000,30.000000,0.000000
491,1768568032.935068130,27.446802,30.000000,0.000000,30.000000,0.000000
492,1768568032.955408335,27.480639,30.000000,0.000000,30.000000,0.000000
493,1768568032.972850084,27.513885,30.000000,0.000000,30.000000,0.000000
494,1768568032.992816448,27.513885,30.000000,0.000000,30.000000,0.000000
495,1768568033.013526201,27.578609,30.000000,0.000000,30.000000,0.000000
496,1768568033.034890652,27.610090,30.000000,0.000000,30.000000,0.000000
497,1768568033.055265903,27.640982,30.000000,0.000000,30.000000,0.000000
498,1768568033.077047348,27.671297,30.000000,0.000000,30.000000,0.000000
499,1768568033.096180439,27.701035,30.000000,0.000000,30.000000,0.000000
500,1768568033.120336771,27.730204,30.000000,0.000000,30.000000,0.000000
501,1768568033.145955086,27.758808,30.000000,0.000000,30.000000,0.000000
502,1768568033.169766903,27.786856,30.000000,0.000000,30.000000,0.000000
503,1768568033.197730064,27.814350,30.000000,0.000000,30.000000,0.000000
504,1768568033.216484547,27.841303,30.000000,0.000000,30.000000,0.000000
505,1768568033.243184566,27.867712,30.000000,0.000000,30.000000,0.000000
506,1768568033.263592005,27.893597,30.000000,0.000000,30.000000,0.000000
507,1768568033.285965919,27.918951,30.000000,0.000000,30.000000,0.000000
508,1768568033.303827286,27.943794,30.000000,0.000000,30.000000,0.000000
509,1768568033.322104931,27.968124,30.000000,0.000000,30.000000,0.000000
510,1768568033.347633600,27.991959,30.000000,0.000000,30.000000,0.000000
511,1768568033.367545366,28.015297,30.000000,0.000000,30.000000,0.000000
512,1768568033.387814045,28.038153,30.000000,0.000000,30.000000,0.000000
513,1768568033.402678490,28.060534,30.000000,0.000000,30.000000,0.000000
514,1768568033.421567678,28.082449,30.000000,0.000000,30.000000,0.000000
515,1768568033.441954374,28.103907,30.000000,0.000000,30.000000,0.000000
516,1768568033.456985712,28.124918,30.000000,0.000000,30.000000,0.000000
517,1768568033.480153322,28.145491,30.000000,0.000000,30.000000,0.000000
518,1768568033.496099949,28.165634,30.000000,0.000000,30.000000,0.000000
519,1768568033.513927460,28.185356,30.000000,0.000000,30.000000,0.000000
520,1768568033.532784700,28.204672,30.000000,0.000000,30.000000,0.000000
521,1768568033.558579445,28.223585,30.000000,0.000000,30.000000,0.000000
522,1768568033.572023630,28.242109,30.000000,0.000000,30.000000,0.000000
523,1768568033.599544287,28.260258,30.000000,0.000000,30.000000,0.000000
524,1768568033.613467216,28.278038,30.000000,0.000000,30.000000,0.000000
525,1768568033.632859230,28.295462,30.000000,0.000000,30.000000,0.000000
526,1768568033.646416187,28.312531,30.000000,0.000000,30.000000,0.000000
527,1768568033.666074038,28.329260,30.000000,0.000000,30.000000,0.000000
528,1768568033.688691616,28.345661,30.000000,0.000000,30.000000,0.000000
529,1768568033.704295874,28.361742,30.000000,0.000000,30.000000,0.000000
530,1768568033.723271608,28.377510,30.000000,0.000000,30.000000,0.000000
531,1768568033.738993883,28.392977,30.000000,0.000000,30.000000,0.000000
532,1768568033.762177467,28.408146,30.000000,0.000000,30.000000,0.000000
533,1768568033.782523870,28.423029,30.000000,0.000000,30.000000,0.000000
534,1768568033.801804304,28.437637,30.000000,0.000000,30.000000,0.000000
535,1768568033.828170061,28.451979,30.000000,0.000000,30.000000,0.000000
536,1768568033.841570616,28.466064,30.000000,0.000000,30.000000,0.000000
537,1768568033.864349365,28.479902,30.000000,0.000000,30.000000,0.000000
538,1768568033.881152391,28.493502,30.000000,0.000000,30.000000,0.000000
539,1768568033.901432037,28.506866,30.000000,0.000000,30.000000,0.000000
540,1768568033.918704033,28.520010,30.000000,0.000000,30.000000,0.000000
541,1768568033.942533016,28.532938,30.000000,0.000000,30.000000,0.000000
542,1768568033.956743240,28.545660,30.000000,0.000000,30.000000,0.000000
543,1768568033.991359711,28.558182,30.000000,0.000000,30.000000,0.000000
544,1768568033.999838591,28.570511,30.000000,0.000000,30.000000,0.000000
545,1768568034.019506216,28.582659,30.000000,0.000000,30.000000,0.000000
546,1768568034.043289423,28.594631,30.000000,0.000000,30.000000,0.000000
547,1768568034.061252594,28.606434,30.000000,0.000000,30.000000,0.000000
548,1768568034.078671694,28.618076,30.000000,0.000000,30.000000,0.000000
549,1768568034.103252411,28.629562,30.000000,0.000000,30.000000,0.000000
550,1768568034.127262354,28.640902,30.000000,0.000000,30.000000,0.000000
551,1768568034.140390158,28.652098,30.000000,0.000000,30.000000,0.000000
552,1768568034.162638664,28.663158,30.000000,0.000000,30.000000,0.000000
553,1768568034.179787874,28.674091,30.000000,0.000000,30.000000,0.000000
554,1768568034.201503515,28.684900,30.000000,0.000000,30.000000,0.000000
555,1768568034.216017246,28.695591,30.000000,0.000000,30.000000,0.000000
556,1768568034.241719484,28.706171,30.000000,0.000000,30.000000,0.000000
557,1768568034.258500338,28.716642,30.000000,0.000000,30.000000,0.000000
558,1768568034.282304287,28.727011,30.000000,0.000000,30.000000,0.000000
559,1768568034.298848867,28.737284,30.000000,0.000000,30.000000,0.000000
560,1768568034.323375940,28.747463,30.000000,0.000000,30.000000,0.000000
561,1768568034.336736441,28.757557,30.000000,0.000000,30.000000,0.000000
562,1768568034.375973701,28.767565,30.000000,0.000000,30.000000,0.000000
563,1768568034.391925097,28.777494,30.000000,0.000000,30.000000,0.000000
564,1768568034.415975094,28.787348,30.000000,0.000000,30.000000,0.000000
565,1768568034.430670500,28.797129,30.000000,0.000000,30.000000,0.000000
566,1768568034.456528187,28.806843,30.000000,0.000000,30.000000,0.000000
567,1768568034.474166393,28.816490,30.000000,0.000000,30.000000,0.000000
568,1768568034.492032051,28.826077,30.000000,0.000000,30.000000,0.000000
569,1768568034.516695976,28.835604,30.000000,0.000000,30.000000,0.000000
570,1768568034.538224459,28.845074,30.000000,0.000000,30.000000,0.000000
571,1768568034.554301023,28.854492,30.000000,0.000000,30.000000,0.000000
572,1768568034.572753191,28.863859,30.000000,0.000000,30.000000,0.000000
573,1768568034.596229315,28.873178,30.000000,0.000000,30.000000,0.000000
574,1768568034.611075878,28.882450,30.000000,0.000000,30.000000,0.000000
575,1768568034.632186413,28.891678,30.000000,0.000000,30.000000,0.000000
576,1768568034.650422812,28.900862,30.000000,0.000000,30.000000,0.000000
577,1768568034.669436455,28.910007,30.000000,0.000000,30.000000,0.000000
578,1768568034.687394857,28.919113,30.000000,0.000000,30.000000,0.000000
579,1768568034.709574938,28.928181,30.000000,0.000000,30.000000,0.000000
580,1768568034.726149797,28.937210,30.000000,0.000000,30.000000,0.000000
581,1768568034.745092154,28.946205,30.000000,0.000000,30.000000,0.000000
582,1768568034.761446238,28.955168,30.000000,0.000000,30.000000,0.000000
583,1768568034.780198812,28.964096,30.000000,0.000000,30.000000,0.000000
584,1768568034.799819708,28.972992,30.000000,0.000000,30.000000,0.000000
585,1768568034.816147327,28.981855,30.000000,0.000000,30.000000,0.000000
586,1768568034.839736938,28.990688,30.000000,0.000000,30.000000,0.000000
587,1768568034.857153893,28.999491,30.000000,0.000000,30.000000,0.000000
588,1768568034.876591444,29.008263,30.000000,0.000000,30.000000,0.000000
589,1768568034.897643089,29.017004,30.000000,0.000000,30.000000,0.000000
590,1768568034.914574385,29.025715,30.000000,0.000000,30.000000,0.000000
591,1768568034.939898491,29.034397,30.000000,0.000000,30.000000,0.000000
592,1768568034.952984095,29.043049,30.000000,0.000000,30.000000,0.000000
593,1768568034.975383759,29.051672,30.000000,0.000000,30.000000,0.000000
594,1768568034.991794586,29.060263,30.000000,0.000000,30.000000,0.000000
595,1768568035.012449265,29.068825,30.000000,0.000000,30.000000,0.000000
596,1768568035.031392097,29.077356,30.000000,0.000000,30.000000,0.000000
597,1768568035.049753666,29.085857,30.000000,0.000000,30.000000,0.000000
598,1768568035.074967384,29.094326,30.000000,0.000000,30.000000,0.000000
599,1768568035.088245869,29.102764,30.000000,0.000000,30.000000,0.000000
600,1768568035.111671686,29.111168,30.000000,0.000000,30.000000,0.000000
601,1768568035.125556946,29.119541,30.000000,0.000000,30.000000,0.000000
602,1768568035.145973921,29.127880,30.000000,0.000000,30.000000,0.000000
603,1768568035.164649963,29.136185,30.000000,0.000000,30.000000,0.000000
604,1768568035.185029745,29.144457,30.000000,0.000000,30.000000,0.000000
605,1768568035.199901819,29.152691,30.000000,0.000000,30.000000,0.000000
606,1768568035.223904610,29.160891,30.000000,0.000000,30.000000,0.000000
607,1768568035.240384102,29.169052,30.000000,0.000000,30.000000,0.000000
608,1768568035.260441065,29.177177,30.000000,0.000000,30.000000,0.000000
609,1768568035.281593084,29.185265,30.000000,0.000000,30.000000,0.000000
610,1768568035.295445681,29.193316,30.000000,0.000000,30.000000,0.000000
611,1768568035.318615437,29.201326,30.000000,0.000000,30.000000,0.000000
612,1768568035.336267710,29.209295,30.000000,0.000000,30.000000,0.000000
613,1768568035.355535507,29.217222,30.000000,0.000000,30.000000,0.000000
614,1768568035.371503115,29.225107,30.000000,0.000000,30.000000,0.000000
615,1768568035.391958475,29.232948,30.000000,0.000000,30.000000,0.000000
616,1768568035.406051636,29.240746,30.000000,0.000000,30.000000,0.000000
617,1768568035.425529718,29.248497,30.000000,0.000000,30.000000,0.000000
618,1768568035.445002079,29.256201,30.000000,0.000000,30.000000,0.000000
619,1768568035.465352058,29.263859,30.000000,0.000000,30.000000,0.000000
620,1768568035.479705334,29.271467,30.000000,0.000000,30.000000,0.000000
621,1768568035.503498316,29.279028,30.000000,0.000000,30.000000,0.000000
622,1768568035.521943092,29.286539,30.000000,0.000000,30.000000,0.000000
623,1768568035.540205956,29.294001,30.000000,0.000000,30.000000,0.000000
624,1768568035.557444334,29.301411,30.000000,0.000000,30.000000,0.000000
625,1768568035.577311993,29.308769,30.000000,0.000000,30.000000,0.000000
626,1768568035.592723608,29.316074,30.000000,0.000000,30.000000,0.000000
627,1768568035.612417936,29.323326,30.000000,0.000000,30.000000,0.000000
628,1768568035.630151272,29.330524,30.000000,0.000000,30.000000,0.000000
629,1768568035.649074316,29.337666,30.000000,0.000000,30.000000,0.000000
630,1768568035.663307428,29.344753,30.000000,0.000000,30.000000,0.000000
631,1768568035.683248758,29.351784,30.000000,0.000000,30.000000,0.000000
632,1768568035.701707125,29.358757,30.000000,0.000000,30.000000,0.000000
633,1768568035.720121384,29.365671,30.000000,0.000000,30.000000,0.000000
634,1768568035.745029926,29.379326,30.000000,0.000000,30.000000,0.000000
635,1768568035.757206917,29.379326,30.000000,0.000000,30.000000,0.000000
636,1768568035.772312403,29.392744,30.000000,0.000000,30.000000,0.000000
637,1768568035.799959421,29.392744,30.000000,0.000000,30.000000,0.000000
638,1768568035.815276623,29.399364,30.000000,0.000000,30.000000,0.000000
639,1768568035.839246988,29.405924,30.000000,0.000000,30.000000,0.000000
640,1768568035.866935492,29.412420,30.000000,0.000000,30.000000,0.000000
641,1768568035.878206253,29.418858,30.000000,0.000000,30.000000,0.000000
642,1768568035.896389008,29.425232,30.000000,0.000000,30.000000,0.000000
643,1768568035.928631306,29.431543,30.000000,0.000000,30.000000,0.000000
644,1768568035.941387653,29.437790,30.000000,0.000000,30.000000,0.000000
645,1768568035.975323439,29.443975,30.000000,0.000000,30.000000,0.000000
646,1768568035.983524561,29.450098,30.000000,0.000000,30.000000,0.000000
647,1768568036.005637169,29.456158,30.000000,0.000000,30.000000,0.000000
648,1768568036.021053076,29.462154,30.000000,0.000000,30.000000,0.000000
649,1768568036.039319515,29.468088,30.000000,0.000000,30.000000,0.000000
650,1768568036.058382750,29.473957,30.000000,0.000000,30.000000,0.000000
651,1768568036.076425076,29.479765,30.000000,0.000000,30.000000,0.000000
652,1768568036.092818737,29.485508,30.000000,0.000000,30.000000,0.000000
653,1768568036.116038561,29.491190,30.000000,0.000000,30.000000,0.000000
654,1768568036.129730940,29.496809,30.000000,0.000000,30.000000,0.000000
655,1768568036.148455620,29.502365,30.000000,0.000000,30.000000,0.000000
656,1768568036.170799255,29.507858,30.000000,0.000000,30.000000,0.000000
657,1768568036.186608791,29.513288,30.000000,0.000000,30.000000,0.000000
658,1768568036.207892895,29.518656,30.000000,0.000000,30.000000,0.000000
659,1768568036.229158878,29.523962,30.000000,0.000000,30.000000,0.000000
660,1768568036.248087645,29.529205,30.000000,0.000000,30.000000,0.000000
661,1768568036.267085314,29.534386,30.000000,0.000000,30.000000,0.000000
662,1768568036.285009146,29.539505,30.000000,0.000000,30.000000,0.000000
663,1768568036.305939674,29.544563,30.000000,0.000000,30.000000,0.000000
664,1768568036.322140217,29.549559,30.000000,0.000000,30.000000,0.000000
665,1768568036.343263626,29.554497,30.000000,0.000000,30.000000,0.000000
666,1768568036.363881350,29.559372,30.000000,0.000000,30.000000,0.000000
667,1768568036.377355337,29.564190,30.000000,0.000000,30.000000,0.000000
668,1768568036.398679018,29.568949,30.000000,0.000000,30.000000,0.000000
669,1768568036.419954777,29.573648,30.000000,0.000000,30.000000,0.000000
670,1768568036.438919306,29.578291,30.000000,0.000000,30.000000,0.000000
671,1768568036.456985235,29.582876,30.000000,0.000000,30.000000,0.000000
672,1768568036.477584600,29.587402,30.000000,0.000000,30.000000,0.000000
673,1768568036.495714188,29.591871,30.000000,0.000000,30.000000,0.000000
674,1768568036.513486385,29.596285,30.000000,0.000000,30.000000,0.000000
675,1768568036.534072161,29.600641,30.000000,0.000000,30.000000,0.000000
676,1768568036.553515434,29.604940,30.000000,0.000000,30.000000,0.000000
677,1768568036.567915678,29.609186,30.000000,0.000000,30.000000,0.000000
678,1768568036.589695215,29.613377,30.000000,0.000000,30.000000,0.000000
679,1768568036.605201244,29.617514,30.000000,0.000000,30.000000,0.000000
680,1768568036.624897242,29.621597,30.000000,0.000000,30.000000,0.000000
681,1768568036.651649952,29.625628,30.000000,0.000000,30.000000,0.000000
682,1768568036.661052704,29.629604,30.000000,0.000000,30.000000,0.000000
683,1768568036.682788849,29.633530,30.000000,0.000000,30.000000,0.000000
684,1768568036.701642990,29.637403,30.000000,0.000000,30.000000,0.000000
685,1768568036.716598511,29.637403,30.000000,0.000000,30.000000,0.000000
686,1768568036.739369631,29.645002,30.000000,0.000000,30.000000,0.000000
687,1768568036.755380392,29.648729,30.000000,0.000000,30.000000,0.000000
688,1768568036.775684834,29.652409,30.000000,0.000000,30.000000,0.000000
689,1768568036.796070337,29.656040,30.000000,0.000000,30.000000,0.000000
690,1768568036.820090771,29.659624,30.000000,0.000000,30.000000,0.000000
691,1768568036.831761837,29.663162,30.000000,0.000000,30.000000,0.000000
692,1768568036.857727051,29.666655,30.000000,0.000000,30.000000,0.000000
693,1768568036.872220516,29.670099,30.000000,0.000000,30.000000,0.000000
694,1768568036.896829128,29.673502,30.000000,0.000000,30.000000,0.000000
695,1768568036.911596775,29.673502,30.000000,0.000000,30.000000,0.000000
696,1768568036.937492371,29.680176,30.000000,0.000000,30.000000,0.000000
697,1768568036.956561327,29.683449,30.000000,0.000000,30.000000,0.000000
698,1768568036.984014511,29.686682,30.000000,0.000000,30.000000,0.000000
699,1768568037.003980398,29.689875,30.000000,0.000000,30.000000,0.000000
700,1768568037.029934883,29.693027,30.000000,0.000000,30.000000,0.000000
701,1768568037.058459997,29.696138,30.000000,0.000000,30.000000,0.000000
702,1768568037.078938961,29.699209,30.000000,0.000000,30.000000,0.000000
703,1768568037.099833727,29.702244,30.000000,0.000000,30.000000,0.000000
704,1768568037.119864225,29.705240,30.000000,0.000000,30.000000,0.000000
705,1768568037.141288996,29.708199,30.000000,0.000000,30.000000,0.000000
706,1768568037.162698269,29.711121,30.000000,0.000000,30.000000,0.000000
707,1768568037.182258129,29.714006,30.000000,0.000000,30.000000,0.000000
708,1768568037.206671476,29.716858,30.000000,0.000000,30.000000,0.000000
709,1768568037.224018812,29.719675,30.000000,0.000000,30.000000,0.000000
710,1768568037.245382071,29.722460,30.000000,0.000000,30.000000,0.000000
711,1768568037.265359402,29.725210,30.000000,0.000000,30.000000,0.000000
712,1768568037.284989119,29.727926,30.000000,0.000000,30.000000,0.000000
713,1768568037.307020426,29.730610,30.000000,0.000000,30.000000,0.000000
714,1768568037.335075617,29.733263,30.000000,0.000000,30.000000,0.000000
715,1768568037.359691620,29.735884,30.000000,0.000000,30.000000,0.000000
716,1768568037.382205248,29.738476,30.000000,0.000000,30.000000,0.000000
717,1768568037.405000687,29.741035,30.000000,0.000000,30.000000,0.000000
718,1768568037.425741434,29.743568,30.000000,0.000000,30.000000,0.000000
719,1768568037.444010258,29.746071,30.000000,0.000000,30.000000,0.000000
720,1768568037.469220400,29.748547,30.000000,0.000000,30.000000,0.000000
721,1768568037.485477924,29.750994,30.000000,0.000000,30.000000,0.000000
722,1768568037.507829666,29.753412,30.000000,0.000000,30.000000,0.000000
723,1768568037.531749010,29.755806,30.000000,0.000000,30.000000,0.000000
724,1768568037.546910524,29.758173,30.000000,0.000000,30.000000,0.000000
725,1768568037.573498011,29.760515,30.000000,0.000000,30.000000,0.000000
726,1768568037.590370178,29.762829,30.000000,0.000000,30.000000,0.000000
727,1768568037.615394115,29.765120,30.000000,0.000000,30.000000,0.000000
728,1768568037.630980253,29.767385,30.000000,0.000000,30.000000,0.000000
729,1768568037.652977228,29.769629,30.000000,0.000000,30.000000,0.000000
730,1768568037.671907187,29.771847,30.000000,0.000000,30.000000,0.000000
731,1768568037.692873240,29.774042,30.000000,0.000000,30.000000,0.000000
732,1768568037.709233284,29.776215,30.000000,0.000000,30.000000,0.000000
733,1768568037.729425430,29.778366,30.000000,0.000000,30.000000,0.000000
734,1768568037.745767832,29.782604,30.000000,0.000000,30.000000,0.000000
735,1768568037.765423298,29.782604,30.000000,0.000000,30.000000,0.000000
736,1768568037.783264399,29.784691,30.000000,0.000000,30.000000,0.000000
737,1768568037.798914433,29.786757,30.000000,0.000000,30.000000,0.000000
738,1768568037.817142248,29.788803,30.000000,0.000000,30.000000,0.000000
739,1768568037.836038113,29.790829,30.000000,0.000000,30.000000,0.000000
740,1768568037.849598646,29.792835,30.000000,0.000000,30.000000,0.000000
741,1768568037.874713421,29.794823,30.000000,0.000000,30.000000,0.000000
742,1768568037.891320705,29.796789,30.000000,0.000000,30.000000,0.000000
743,1768568037.915005445,29.798738,30.000000,0.000000,30.000000,0.000000
744,1768568037.930395603,29.800669,30.000000,0.000000,30.000000,0.000000
745,1768568037.952755213,29.802582,30.000000,0.000000,30.000000,0.000000
746,1768568037.976016760,29.804478,30.000000,0.000000,30.000000,0.000000
747,1768568037.997814417,29.806355,30.000000,0.000000,30.000000,0.000000
748,1768568038.011818647,29.808214,30.000000,0.000000,30.000000,0.000000
749,1768568038.033649921,29.810057,30.000000,0.000000,30.000000,0.000000
750,1768568038.058715105,29.811882,30.000000,0.000000,30.000000,0.000000
751,1768568038.076374054,29.813692,30.000000,0.000000,30.000000,0.000000
752,1768568038.171794415,29.815485,30.000000,0.000000,30.000000,0.000000
753,1768568038.199748516,29.817263,30.000000,0.000000,30.000000,0.000000
754,1768568038.212818384,29.819025,30.000000,0.000000,30.000000,0.000000
755,1768568038.236411810,29.820770,30.000000,0.000000,30.000000,0.000000
756,1768568038.251927853,29.822502,30.000000,0.000000,30.000000,0.000000
757,1768568038.282372952,29.824217,30.000000,0.000000,30.000000,0.000000
758,1768568038.297639370,29.825916,30.000000,0.000000,30.000000,0.000000
759,1768568038.318155766,29.827599,30.000000,0.000000,30.000000,0.000000
760,1768568038.337887287,29.829268,30.000000,0.000000,30.000000,0.000000
761,1768568038.360522270,29.830923,30.000000,0.000000,30.000000,0.000000
762,1768568038.385217905,29.832563,30.000000,0.000000,30.000000,0.000000
763,1768568038.402513742,29.834190,30.000000,0.000000,30.000000,0.000000
764,1768568038.428018093,29.835802,30.000000,0.000000,30.000000,0.000000
765,1768568038.445938349,29.837400,30.000000,0.000000,30.000000,0.000000
766,1768568038.466510534,29.838985,30.000000,0.000000,30.000000,0.000000
767,1768568038.488562107,29.840557,30.000000,0.000000,30.000000,0.000000
768,1768568038.510612011,29.842115,30.000000,0.000000,30.000000,0.000000
769,1768568038.528983593,29.843658,30.000000,0.000000,30.000000,0.000000
770,1768568038.547857523,29.845190,30.000000,0.000000,30.000000,0.000000
771,1768568038.570314169,29.846710,30.000000,0.000000,30.000000,0.000000
772,1768568038.592478514,29.848215,30.000000,0.000000,30.000000,0.000000
773,1768568038.613359213,29.849707,30.000000,0.000000,30.000000,0.000000
774,1768568038.637189865,29.851187,30.000000,0.000000,30.000000,0.000000
775,1768568038.660482407,29.852655,30.000000,0.000000,30.000000,0.000000
776,1768568038.680501461,29.854111,30.000000,0.000000,30.000000,0.000000
777,1768568038.703889132,29.855553,30.000000,0.000000,30.000000,0.000000
778,1768568038.719387293,29.856981,30.000000,0.000000,30.000000,0.000000
779,1768568038.740808487,29.858398,30.000000,0.000000,30.000000,0.000000
780,1768568038.758718252,29.859802,30.000000,0.000000,30.000000,0.000000
781,1768568038.781464577,29.861195,30.000000,0.000000,30.000000,0.000000
782,1768568038.800215721,29.862574,30.000000,0.000000,30.000000,0.000000
783,1768568038.820488930,29.863941,30.000000,0.000000,30.000000,0.000000
784,1768568038.838449717,29.865295,30.000000,0.000000,30.000000,0.000000
785,1768568038.854333639,29.866640,30.000000,0.000000,30.000000,0.000000
786,1768568038.874631166,29.867971,30.000000,0.000000,30.000000,0.000000
787,1768568038.893458843,29.869291,30.000000,0.000000,30.000000,0.000000
788,1768568038.915315390,29.870600,30.000000,0.000000,30.000000,0.000000
789,1768568038.932615280,29.871895,30.000000,0.000000,30.000000,0.000000
790,1768568038.957987309,29.873180,30.000000,0.000000,30.000000,0.000000
791,1768568038.982977152,29.874454,30.000000,0.000000,30.000000,0.000000
792,1768568039.004277706,29.875719,30.000000,0.000000,30.000000,0.000000
793,1768568039.031990290,29.876970,30.000000,0.000000,30.000000,0.000000
794,1768568039.055851460,29.878212,30.000000,0.000000,30.000000,0.000000
795,1768568039.079314470,29.879440,30.000000,0.000000,30.000000,0.000000
796,1768568039.094444036,29.880659,30.000000,0.000000,30.000000,0.000000
797,1768568039.121947050,29.881866,30.000000,0.000000,30.000000,0.000000
798,1768568039.148353577,29.883064,30.000000,0.000000,30.000000,0.000000
799,1768568039.171041727,29.884251,30.000000,0.000000,30.000000,0.000000
800,1768568039.184380531,29.885426,30.000000,0.000000,30.000000,0.000000
801,1768568039.209192753,29.886591,30.000000,0.000000,30.000000,0.000000
802,1768568039.226989746,29.887743,30.000000,0.000000,30.000000,0.000000
803,1768568039.246741056,29.888885,30.000000,0.000000,30.000000,0.000000
804,1768568039.264878273,29.890017,30.000000,0.000000,30.000000,0.000000
805,1768568039.281013012,29.891134,30.000000,0.000000,30.000000,0.000000
806,1768568039.299541473,29.892244,30.000000,0.000000,30.000000,0.000000
807,1768568039.317722082,29.893345,30.000000,0.000000,30.000000,0.000000
808,1768568039.339046001,29.894434,30.000000,0.000000,30.000000,0.000000
809,1768568039.356116295,29.895512,30.000000,0.000000,30.000000,0.000000
810,1768568039.375128508,29.896580,30.000000,0.000000,30.000000,0.000000
811,1768568039.390964746,29.897638,30.000000,0.000000,30.000000,0.000000
812,1768568039.414453506,29.898685,30.000000,0.000000,30.000000,0.000000
813,1768568039.430532455,29.899725,30.000000,0.000000,30.000000,0.000000
814,1768568039.453232050,29.900753,30.000000,0.000000,30.000000,0.000000
815,1768568039.469216824,29.901770,30.000000,0.000000,30.000000,0.000000
816,1768568039.488816738,29.902779,30.000000,0.000000,30.000000,0.000000
817,1768568039.514773369,29.903776,30.000000,0.000000,30.000000,0.000000
818,1768568039.524150133,29.904764,30.000000,0.000000,30.000000,0.000000
819,1768568039.544607401,29.905743,30.000000,0.000000,30.000000,0.000000
820,1768568039.568751574,29.906712,30.000000,0.000000,30.000000,0.000000
821,1768568039.580632925,29.907671,30.000000,0.000000,30.000000,0.000000
822,1768568039.601262808,29.908621,30.000000,0.000000,30.000000,0.000000
823,1768568039.617930889,29.909561,30.000000,0.000000,30.000000,0.000000
824,1768568039.637969732,29.910492,30.000000,0.000000,30.000000,0.000000
825,1768568039.654085875,29.911413,30.000000,0.000000,30.000000,0.000000
826,1768568039.674995899,29.912327,30.000000,0.000000,30.000000,0.000000
827,1768568039.693226337,29.913231,30.000000,0.000000,30.000000,0.000000
828,1768568039.716519117,29.914124,30.000000,0.000000,30.000000,0.000000
829,1768568039.731116772,29.915010,30.000000,0.000000,30.000000,0.000000
830,1768568039.754755497,29.915886,30.000000,0.000000,30.000000,0.000000
831,1768568039.767919302,29.916752,30.000000,0.000000,30.000000,0.000000
832,1768568039.787485600,29.917610,30.000000,0.000000,30.000000,0.000000
833,1768568039.806910753,29.918459,30.000000,0.000000,30.000000,0.000000
834,1768568039.832540274,29.919298,30.000000,0.000000,30.000000,0.000000
835,1768568039.847144842,29.920128,30.000000,0.000000,30.000000,0.000000
836,1768568039.871266603,29.920950,30.000000,0.000000,30.000000,0.000000
837,1768568039.885349035,29.921761,30.000000,0.000000,30.000000,0.000000
838,1768568039.902476788,29.922564,30.000000,0.000000,30.000000,0.000000
839,1768568039.922966480,29.923359,30.000000,0.000000,30.000000,0.000000
840,1768568039.947317123,29.924145,30.000000,0.000000,30.000000,0.000000
841,1768568039.963460207,29.924923,30.000000,0.000000,30.000000,0.000000
842,1768568039.981227875,29.925694,30.000000,0.000000,30.000000,0.000000
843,1768568039.999956131,29.926455,30.000000,0.000000,30.000000,0.000000
844,1768568040.018957853,29.927210,30.000000,0.000000,30.000000,0.000000
845,1768568040.039933681,29.927956,30.000000,0.000000,30.000000,0.000000
846,1768568040.056915998,29.928692,30.000000,0.000000,30.000000,0.000000
847,1768568040.073619127,29.929422,30.000000,0.000000,30.000000,0.000000
848,1768568040.090732098,29.930145,30.000000,0.000000,30.000000,0.000000
849,1768568040.109555483,29.930861,30.000000,0.000000,30.000000,0.000000
850,1768568040.130459547,29.931568,30.000000,0.000000,30.000000,0.000000
851,1768568040.149700165,29.932268,30.000000,0.000000,30.000000,0.000000
852,1768568040.164465666,29.932961,30.000000,0.000000,30.000000,0.000000
853,1768568040.182898045,29.933647,30.000000,0.000000,30.000000,0.000000
854,1768568040.201386690,29.934324,30.000000,0.000000,30.000000,0.000000
855,1768568040.217148304,29.934996,30.000000,0.000000,30.000000,0.000000
856,1768568040.242030144,29.935659,30.000000,0.000000,30.000000,0.000000
857,1768568040.261638880,29.936316,30.000000,0.000000,30.000000,0.000000
858,1768568040.280081987,29.936966,30.000000,0.000000,30.000000,0.000000
859,1768568040.299132824,29.937609,30.000000,0.000000,30.000000,0.000000
860,1768568040.316602468,29.938244,30.000000,0.000000,30.000000,0.000000
861,1768568040.340100050,29.938873,30.000000,0.000000,30.000000,0.000000
862,1768568040.354747057,29.939495,30.000000,0.000000,30.000000,0.000000
863,1768568040.371399403,29.940111,30.000000,0.000000,30.000000,0.000000
864,1768568040.388507843,29.940720,30.000000,0.000000,30.000000,0.000000
865,1768568040.406957626,29.941320,30.000000,0.000000,30.000000,0.000000
866,1768568040.421999454,29.941917,30.000000,0.000000,30.000000,0.000000
867,1768568040.443244219,29.942507,30.000000,0.000000,30.000000,0.000000
868,1768568040.461136341,29.943090,30.000000,0.000000,30.000000,0.000000
869,1768568040.475163460,29.943666,30.000000,0.000000,30.000000,0.000000
870,1768568040.499273300,29.944801,30.000000,0.000000,30.000000,0.000000
871,1768568040.515492916,29.944801,30.000000,0.000000,30.000000,0.000000
872,1768568040.538177729,29.945360,30.000000,0.000000,30.000000,0.000000
873,1768568040.554483652,29.946461,30.000000,0.000000,30.000000,0.000000
874,1768568040.571238041,29.946461,30.000000,0.000000,30.000000,0.000000
875,1768568040.590584993,29.947001,30.000000,0.000000,30.000000,0.000000
876,1768568040.604842186,29.947536,30.000000,0.000000,30.000000,0.000000
877,1768568040.623495340,29.948065,30.000000,0.000000,30.000000,0.000000
878,1768568040.645366430,29.948589,30.000000,0.000000,30.000000,0.000000
879,1768568040.660154819,29.949108,30.000000,0.000000,30.000000,0.000000
880,1768568040.679459572,29.949619,30.000000,0.000000,30.000000,0.000000
881,1768568040.696623087,29.950127,30.000000,0.000000,30.000000,0.000000
882,1768568040.716864586,29.950628,30.000000,0.000000,30.000000,0.000000
883,1768568040.735314369,29.951124,30.000000,0.000000,30.000000,0.000000
884,1768568040.761338711,29.951614,30.000000,0.000000,30.000000,0.000000
885,1768568040.780308008,29.952099,30.000000,0.000000,30.000000,0.000000
886,1768568040.795082808,29.952579,30.000000,0.000000,30.000000,0.000000
887,1768568040.814146757,29.953053,30.000000,0.000000,30.000000,0.000000
888,1768568040.833700180,29.953522,30.000000,0.000000,30.000000,0.000000
889,1768568040.852387190,29.953987,30.000000,0.000000,30.000000,0.000000
890,1768568040.873845100,29.954445,30.000000,0.000000,30.000000,0.000000
891,1768568040.891171694,29.954901,30.000000,0.000000,30.000000,0.000000
892,1768568040.911238909,29.955349,30.000000,0.000000,30.000000,0.000000
893,1768568040.925261259,29.955795,30.000000,0.000000,30.000000,0.000000
894,1768568040.949138165,29.956236,30.000000,0.000000,30.000000,0.000000
895,1768568040.963640928,29.956673,30.000000,0.000000,30.000000,0.000000
896,1768568040.987892628,29.957104,30.000000,0.000000,30.000000,0.000000
897,1768568041.004742861,29.957531,30.000000,0.000000,30.000000,0.000000
898,1768568041.020084143,29.957954,30.000000,0.000000,30.000000,0.000000
899,1768568041.039591789,29.958372,30.000000,0.000000,30.000000,0.000000
900,1768568041.058419943,29.958786,30.000000,0.000000,30.000000,0.000000
901,1768568041.079093218,29.959196,30.000000,0.000000,30.000000,0.000000
902,1768568041.094954014,29.959602,30.000000,0.000000,30.000000,0.000000
903,1768568041.111181974,29.960005,30.000000,0.000000,30.000000,0.000000
904,1768568041.131281853,29.960402,30.000000,0.000000,30.000000,0.000000
905,1768568041.148004532,29.960796,30.000000,0.000000,30.000000,0.000000
906,1768568041.169408798,29.961185,30.000000,0.000000,30.000000,0.000000
907,1768568041.189991474,29.961952,30.000000,0.000000,30.000000,0.000000
908,1768568041.205193758,29.961952,30.000000,0.000000,30.000000,0.000000
909,1768568041.232945681,29.962332,30.000000,0.000000,30.000000,0.000000
910,1768568041.251592636,29.962706,30.000000,0.000000,30.000000,0.000000
911,1768568041.270967245,29.963078,30.000000,0.000000,30.000000,0.000000
912,1768568041.290692806,29.963808,30.000000,0.000000,30.000000,0.000000
913,1768568041.303832293,29.963808,30.000000,0.000000,30.000000,0.000000
914,1768568041.323436975,29.964525,30.000000,0.000000,30.000000,0.000000
915,1768568041.340045929,29.964525,30.000000,0.000000,30.000000,0.000000
916,1768568041.361397982,29.965227,30.000000,0.000000,30.000000,0.000000
917,1768568041.374642134,29.965227,30.000000,0.000000,30.000000,0.000000
918,1768568041.394293785,29.965916,30.000000,0.000000,30.000000,0.000000
919,1768568041.409567833,29.965916,30.000000,0.000000,30.000000,0.000000
920,1768568041.430023193,29.966255,30.000000,0.000000,30.000000,0.000000
921,1768568041.444517136,29.966589,30.000000,0.000000,30.000000,0.000000
922,1768568041.467723846,29.967251,30.000000,0.000000,30.000000,0.000000
923,1768568041.480398655,29.967251,30.000000,0.000000,30.000000,0.000000
924,1768568041.499812365,29.967577,30.000000,0.000000,30.000000,0.000000
925,1768568041.516015053,29.967899,30.000000,0.000000,30.000000,0.000000
926,1768568041.535069466,29.968220,30.000000,0.000000,30.000000,0.000000
927,1768568041.554045916,29.968536,30.000000,0.000000,30.000000,0.000000
928,1768568041.573888779,29.968849,30.000000,0.000000,30.000000,0.000000
929,1768568041.588577032,29.969160,30.000000,0.000000,30.000000,0.000000
930,1768568041.606176853,29.969467,30.000000,0.000000,30.000000,0.000000
931,1768568041.623699665,29.969772,30.000000,0.000000,30.000000,0.000000
932,1768568041.640491962,29.970371,30.000000,0.000000,30.000000,0.000000
933,1768568041.661652803,29.970667,30.000000,0.000000,30.000000,0.000000
934,1768568041.674435616,29.970667,30.000000,0.000000,30.000000,0.000000
935,1768568041.694934368,29.970959,30.000000,0.000000,30.000000,0.000000
936,1768568041.709401369,29.971247,30.000000,0.000000,30.000000,0.000000
937,1768568041.733151197,29.971533,30.000000,0.000000,30.000000,0.000000
938,1768568041.749540806,29.971815,30.000000,0.000000,30.000000,0.000000
939,1768568041.770533323,29.972095,30.000000,0.000000,30.000000,0.000000
940,1768568041.789252281,29.972374,30.000000,0.000000,30.000000,0.000000
941,1768568041.807027817,29.972647,30.000000,0.000000,30.000000,0.000000
942,1768568041.823426247,29.972919,30.000000,0.000000,30.000000,0.000000
943,1768568041.843635082,29.973188,30.000000,0.000000,30.000000,0.000000
944,1768568041.858412504,29.973455,30.000000,0.000000,30.000000,0.000000
945,1768568041.879558802,29.973721,30.000000,0.000000,30.000000,0.000000
946,1768568041.895362139,29.973982,30.000000,0.000000,30.000000,0.000000
947,1768568041.913046122,29.974243,30.000000,0.000000,30.000000,0.000000
948,1768568041.929872036,29.974501,30.000000,0.000000,30.000000,0.000000
949,1768568041.947629452,29.974754,30.000000,0.000000,30.000000,0.000000
950,1768568041.968715191,29.975006,30.000000,0.000000,30.000000,0.000000
951,1768568041.984935522,29.975256,30.000000,0.000000,30.000000,0.000000
952,1768568042.005831242,29.975504,30.000000,0.000000,30.000000,0.000000
953,1768568042.025060654,29.975748,30.000000,0.000000,30.000000,0.000000
954,1768568042.041487694,29.975992,30.000000,0.000000,30.000000,0.000000
955,1768568042.056762934,29.976233,30.000000,0.000000,30.000000,0.000000
956,1768568042.079630136,29.976469,30.000000,0.000000,30.000000,0.000000
957,1768568042.093843222,29.976704,30.000000,0.000000,30.000000,0.000000
958,1768568042.124987602,29.976938,30.000000,0.000000,30.000000,0.000000
959,1768568042.135246038,29.977167,30.000000,0.000000,30.000000,0.000000
960,1768568042.151982307,29.977396,30.000000,0.000000,30.000000,0.000000
961,1768568042.177998066,29.977623,30.000000,0.000000,30.000000,0.000000
962,1768568042.193507671,29.977848,30.000000,0.000000,30.000000,0.000000
963,1768568042.225725651,29.978071,30.000000,0.000000,30.000000,0.000000
964,1768568042.241893768,29.978291,30.000000,0.000000,30.000000,0.000000
965,1768568042.263174295,29.978510,30.000000,0.000000,30.000000,0.000000
966,1768568042.289508104,29.978725,30.000000,0.000000,30.000000,0.000000
967,1768568042.303072214,29.978939,30.000000,0.000000,30.000000,0.000000
968,1768568042.324864149,29.979151,30.000000,0.000000,30.000000,0.000000
969,1768568042.341588497,29.979362,30.000000,0.000000,30.000000,0.000000
970,1768568042.358550787,29.979570,30.000000,0.000000,30.000000,0.000000
971,1768568042.382011414,29.979776,30.000000,0.000000,30.000000,0.000000
972,1768568042.396852732,29.979979,30.000000,0.000000,30.000000,0.000000
973,1768568042.416521311,29.980181,30.000000,0.000000,30.000000,0.000000
974,1768568042.432544470,29.980381,30.000000,0.000000,30.000000,0.000000
975,1768568042.455880404,29.980579,30.000000,0.000000,30.000000,0.000000
976,1768568042.470027924,29.980776,30.000000,0.000000,30.000000,0.000000
977,1768568042.491421700,29.980970,30.000000,0.000000,30.000000,0.000000
978,1768568042.507893085,29.981163,30.000000,0.000000,30.000000,0.000000
979,1768568042.526159048,29.981354,30.000000,0.000000,30.000000,0.000000
980,1768568042.545313597,29.981543,30.000000,0.000000,30.000000,0.000000
981,1768568042.563349485,29.981728,30.000000,0.000000,30.000000,0.000000
982,1768568042.581973791,29.981913,30.000000,0.000000,30.000000,0.000000
983,1768568042.600711584,29.982096,30.000000,0.000000,30.000000,0.000000
984,1768568042.619202852,29.982277,30.000000,0.000000,30.000000,0.000000
985,1768568042.634402037,29.982458,30.000000,0.000000,30.000000,0.000000
986,1768568042.659064770,29.982635,30.000000,0.000000,30.000000,0.000000
987,1768568042.680252075,29.982811,30.000000,0.000000,30.000000,0.000000
988,1768568042.692642689,29.982985,30.000000,0.000000,30.000000,0.000000
989,1768568042.713475943,29.983154,30.000000,0.000000,30.000000,0.000000
990,1768568042.740943909,29.983324,30.000000,0.000000,30.000000,0.000000
991,1768568042.749759197,29.983490,30.000000,0.000000,30.000000,0.000000
992,1768568042.770382404,29.983656,30.000000,0.000000,30.000000,0.000000
993,1768568042.788905144,29.983820,30.000000,0.000000,30.000000,0.000000
994,1768568042.806273699,29.983982,30.000000,0.000000,30.000000,0.000000
995,1768568042.821003914,29.984142,30.000000,0.000000,30.000000,0.000000
996,1768568042.842986345,29.984301,30.000000,0.000000,30.000000,0.000000
997,1768568042.860670805,29.984457,30.000000,0.000000,30.000000,0.000000
998,1768568042.876774073,29.984613,30.000000,0.000000,30.000000,0.000000
999,1768568042.899624586,29.984766,30.000000,0.000000,30.000000,0.000000
1000,1768568042.916310549,29.984919,30.000000,0.000000,30.000000,0.000000
1001,1768568042.933027744,29.985071,30.000000,0.000000,30.000000,0.000000
1002,1768568042.955064535,29.985220,30.000000,0.000000,30.000000,0.000000
1003,1768568042.966737986,29.985367,30.000000,0.000000,30.000000,0.000000
1004,1768568042.994873524,29.985514,30.000000,0.000000,30.000000,0.000000
1005,1768568043.009573698,29.985659,30.000000,0.000000,30.000000,0.000000
1006,1768568043.028721809,29.985804,30.000000,0.000000,30.000000,0.000000
1007,1768568043.045418262,29.985947,30.000000,0.000000,30.000000,0.000000
1008,1768568043.064802408,29.986086,30.000000,0.000000,30.000000,0.000000
1009,1768568043.079628944,29.986225,30.000000,0.000000,30.000000,0.000000
1010,1768568043.103194714,29.986364,30.000000,0.000000,30.000000,0.000000
1011,1768568043.121224165,29.986500,30.000000,0.000000,30.000000,0.000000
1012,1768568043.142943382,29.986635,30.000000,0.000000,30.000000,0.000000
1013,1768568043.161655188,29.986771,30.000000,0.000000,30.000000,0.000000
1014,1768568043.177789450,29.986902,30.000000,0.000000,30.000000,0.000000
1015,1768568043.199837446,29.987036,30.000000,0.000000,30.000000,0.000000
1016,1768568043.215044737,29.987165,30.000000,0.000000,30.000000,0.000000
1017,1768568043.236287355,29.987295,30.000000,0.000000,30.000000,0.000000
1018,1768568043.255797386,29.987423,30.000000,0.000000,30.000000,0.000000
1019,1768568043.274470806,29.987551,30.000000,0.000000,30.000000,0.000000
1020,1768568043.290400743,29.987675,30.000000,0.000000,30.000000,0.000000
1021,1768568043.310682535,29.987801,30.000000,0.000000,30.000000,0.000000
1022,1768568043.329733372,29.987923,30.000000,0.000000,30.000000,0.000000
1023,1768568043.344246149,29.988045,30.000000,0.000000,30.000000,0.000000
1024,1768568043.367797136,29.988165,30.000000,0.000000,30.000000,0.000000
1025,1768568043.387336731,29.988283,30.000000,0.000000,30.000000,0.000000
1026,1768568043.407204390,29.988520,30.000000,0.000000,30.000000,0.000000
1027,1768568043.424039602,29.988520,30.000000,0.000000,30.000000,0.000000
1028,1768568043.441958904,29.988750,30.000000,0.000000,30.000000,0.000000
1029,1768568043.461533308,29.988750,30.000000,0.000000,30.000000,0.000000
1030,1768568043.476823330,29.988863,30.000000,0.000000,30.000000,0.000000
1031,1768568043.493784904,29.988976,30.000000,0.000000,30.000000,0.000000
1032,1768568043.513900518,29.989088,30.000000,0.000000,30.000000,0.000000
1033,1768568043.530017138,29.989305,30.000000,0.000000,30.000000,0.000000
1034,1768568043.547698498,29.989305,30.000000,0.000000,30.000000,0.000000
1035,1768568043.563368559,29.989412,30.000000,0.000000,30.000000,0.000000
1036,1768568043.579008818,29.989519,30.000000,0.000000,30.000000,0.000000
1037,1768568043.600833654,29.989626,30.000000,0.000000,30.000000,0.000000
1038,1768568043.624595881,29.989834,30.000000,0.000000,30.000000,0.000000
1039,1768568043.639242649,29.989834,30.000000,0.000000,30.000000,0.000000
1040,1768568043.657129049,29.989937,30.000000,0.000000,30.000000,0.000000
1041,1768568043.670913458,29.990038,30.000000,0.000000,30.000000,0.000000
1042,1768568043.688965082,29.990137,30.000000,0.000000,30.000000,0.000000
1043,1768568043.710131884,29.990236,30.000000,0.000000,30.000000,0.000000
1044,1768568043.724412918,29.990335,30.000000,0.000000,30.000000,0.000000
1045,1768568043.746773005,29.990433,30.000000,0.000000,30.000000,0.000000
1046,1768568043.761054516,29.990528,30.000000,0.000000,30.000000,0.000000
1047,1768568043.778032303,29.990625,30.000000,0.000000,30.000000,0.000000
1048,1768568043.798084021,29.990721,30.000000,0.000000,30.000000,0.000000
1049,1768568043.814570427,29.990814,30.000000,0.000000,30.000000,0.000000
1050,1768568043.830755234,29.990908,30.000000,0.000000,30.000000,0.000000
1051,1768568043.854783297,29.990999,30.000000,0.000000,30.000000,0.000000
1052,1768568043.872228384,29.991091,30.000000,0.000000,30.000000,0.000000
1053,1768568043.892746210,29.991180,30.000000,0.000000,30.000000,0.000000
1054,1768568043.912241220,29.991270,30.000000,0.000000,30.000000,0.000000
1055,1768568043.928716898,29.991358,30.000000,0.000000,30.000000,0.000000
1056,1768568043.947964430,29.991444,30.000000,0.000000,30.000000,0.000000
1057,1768568043.967173576,29.991529,30.000000,0.000000,30.000000,0.000000
1058,1768568043.985296965,29.991615,30.000000,0.000000,30.000000,0.000000
1059,1768568044.008994341,29.991699,30.000000,0.000000,30.000000,0.000000
1060,1768568044.027646780,29.991783,30.000000,0.000000,30.000000,0.000000
1061,1768568044.045300245,29.991867,30.000000,0.000000,30.000000,0.000000
1062,1768568044.060652733,29.991947,30.000000,0.000000,30.000000,0.000000
1063,1768568044.077900410,29.992029,30.000000,0.000000,30.000000,0.000000
1064,1768568044.096045732,29.992109,30.000000,0.000000,30.000000,0.000000
1065,1768568044.111049414,29.992189,30.000000,0.000000,30.000000,0.000000
1066,1768568044.131668091,29.992268,30.000000,0.000000,30.000000,0.000000
1067,1768568044.146272421,29.992346,30.000000,0.000000,30.000000,0.000000
1068,1768568044.171399832,29.992422,30.000000,0.000000,30.000000,0.000000
1069,1768568044.190898418,29.992498,30.000000,0.000000,30.000000,0.000000
1070,1768568044.208625317,29.992575,30.000000,0.000000,30.000000,0.000000
1071,1768568044.232809067,29.992649,30.000000,0.000000,30.000000,0.000000
1072,1768568044.250405312,29.992723,30.000000,0.000000,30.000000,0.000000
1073,1768568044.270558596,29.992798,30.000000,0.000000,30.000000,0.000000
1074,1768568044.287397385,29.992870,30.000000,0.000000,30.000000,0.000000
1075,1768568044.303514242,29.992941,30.000000,0.000000,30.000000,0.000000
1076,1768568044.327372313,29.993013,30.000000,0.000000,30.000000,0.000000
1077,1768568044.342528105,29.993084,30.000000,0.000000,30.000000,0.000000
